"['03VzAAMs5PrLM42XR7ijuc', 'angry']"
"['3njpLvANriMsdv3dgADEad', 'angry']"
"['1BbocHcTYAu0wCS4NqgRsI', 'angry']"
"['41AE8ODX2JETBCa6muhSLY', 'happy']"
"['3n5iUh2Z6P7cnWins22W0F', 'relaxed']"
"['2N9Cou3s4pxwsKZ9XLt70x', 'angry']"
"['1UHDC8RXrTHwUIINrJ4Cql', 'sad']"
"['3gRjhWNZ10cdaRPRLbzskT', 'sad']"
"['5esJb63Nbi1LeG0v4NyKTt', 'sad']"
"['5sN9NYU43a9yFYWhnL2frj', 'sad']"
"['3wFGRek61NIF330UwJCI52', 'angry']"
"['6eT08jQH8w5BNfAec85k31', 'relaxed']"
"['4Td5Uuuny9vyXBacIqM2V0', 'sad']"
"['1RLWonWtQ3Iwbbzqbp74Uf', 'relaxed']"
"['4UMTp91LHhvW33ol9ZQH0Q', 'happy']"
"['4k7Nt93W5UsCHjBQZClKyF', 'happy']"
"['1QyoSM2Y9PzjkvQ2ULHoiz', 'angry']"
"['6rlbzljFusv6pqMnf6buHb', 'sad']"
"['027CxsdaNrn0QQdLGK5To8', 'relaxed']"
"['3EN4LzHTjEDHt4s5n3Fix5', 'relaxed']"
"['60ZONP0TRE52A6B4RxUTWZ', 'relaxed']"
"['1DFqKXOIcd2IqhNFMwWWBR', 'relaxed']"
"['7LHZ7HA45ezKcdN8sBrBuS', 'sad']"
"['71geaRAZ2M5w08T3kl5Xvs', 'relaxed']"
"['05mzctclS0ZqqTLEiDIGkt', 'happy']"
"['0OBwxFLu6Yj61s2OagYbgY', 'happy']"
"['3GCL1PydwsLodcpv0Ll1ch', 'happy']"
"['3LgNfgXrsIr5ewmrlelU1T', 'sad']"
"['5wBPIP7z3WN8aweHcF0AcW', 'angry']"
"['3jXrYXeuqmNK7zbF0AukYd', 'relaxed']"
"['1pB5Y2BPLez1J49KKKewUE', 'happy']"
"['6pStbAcWY0MndSKyJQl4Lc', 'sad']"
"['54UFDHWI2q7WHfrGbSNWph', 'angry']"
"['6sxptembJVty4sNtcPMAVz', 'happy']"
"['5XFBFdbHSKdQPJNQ4UpAfr', 'relaxed']"
"['1Mdyqd3IcF2tVkJZovxHvF', 'angry']"
"['6Pztn1vmTohZrFICkaDOEa', 'angry']"
"['5gQ0LTbcX7gpQDg39gNLH8', 'angry']"
"['35ItUJlMtjOQW3SSiTCrrw', 'happy']"
"['1i6N76fftMZhijOzFQ5ZtL', 'angry']"
"['5Vm75e7iLljI6VHVFnLhs0', 'relaxed']"
"['2VHNsY89s3OW8eKA27PZc5', 'sad']"
"['3gQG7J5VZ2nOJkP76iIHHL', 'sad']"
"['5EYdTPdJD74r9EVZBztqGG', 'happy']"
"['2rCpTzi4WhncSCLlS6xf3O', 'angry']"
"['0ZenWYpn5zoCCv9fZEZUte', 'happy']"
"['1ZR4QAYsiO9zPsGaMPW2OI', 'angry']"
"['1GCaJJ1JoTTlD6SvNTVlqo', 'relaxed']"
"['6qMgx8ys4MNNxypaIvbG0i', 'sad']"
"['6xzzm22bl8aHP3cdPPLIrO', 'relaxed']"
"['5jcNL4DreI4z4XnTfsx9SQ', 'happy']"
"['3tAa7azwNATrbRzDspSB2T', 'happy']"
"['1pK1q6sBrGDUU9pMr3wFO1', 'happy']"
"['4UvwXOGb1J39WUutrlXwTF', 'relaxed']"
"['4zfOtyoKyu9y27KQphnIXp', 'relaxed']"
"['2u3egbFh5LZsiRTFPFi1LC', 'sad']"
"['2gLDC8qAQEcuyKfiqyQbme', 'relaxed']"
"['40GFPBolcy0yucApV9uxq2', 'sad']"
"['66Yxbr2UODJjVBKdZtbnOL', 'happy']"
"['0fi1QF49lMHZ0xvzZtYIZJ', 'relaxed']"
"['22QiTJqDn1BIRSh4mkNJ5w', 'relaxed']"
"['0oIox8T3bdGZnhQKnaDK2a', 'angry']"
"['52M96UxJzKkHFSHGNiu8Du', 'angry']"
"['0ypg59NyOVCpWVzd0SUsT5', 'sad']"
"['59tAS0swoeibMJQzySh6FH', 'happy']"
"['7rLxzYnPrZ9XnzUTzNnrr1', 'happy']"
"['6Zewjs7at1sPyc03lUoAHB', 'relaxed']"
"['2wVY3XAbaIK0Kw2fzpuTSN', 'angry']"
"['6dwhYg12fOFw8aUrnCOOqC', 'happy']"
"['6YPeTaHZIcocnoBNzZNRbM', 'relaxed']"
"['18lJrvDbhiENa2L2w3fDAl', 'relaxed']"
"['5cxnSTLzGD1t9xcdmJYFVB', 'sad']"
"['2hdy9Wt9qp7M7d0U3ossu2', 'happy']"
"['52Zr0sinhWTCRrQhRRY4EP', 'happy']"
"['7vGOHxPXPDEc3YOyihLuPt', 'angry']"
"['0WkZQPNC0c7yrsMX1arVAd', 'happy']"
"['2ZVohWP6HSpLeoXGvcQWgh', 'happy']"
"['5ThljNlaUX5zNgNWBmanmG', 'angry']"
"['667MpE1GknthIzm2zbpHyD', 'happy']"
"['5qR5b6Coq6srVHsa7vi7a0', 'sad']"
"['11Q5n9PmpRQbbblwHygugt', 'sad']"
"['5ecZWU5uQOiCVSnPxBZNmT', 'happy']"
"['7aJlAYPwkWr4RxIDoohIiG', 'relaxed']"
"['15kDeSxTxHd4bahl7YupeX', 'sad']"
"['5FcH1QdaaYFhI20JbimTni', 'relaxed']"
"['7FMCSGCHA6hvU3A4NCxEqE', 'angry']"
"['0Ph6L4l8dYUuXFmb71Ajnd', 'happy']"
"['2rLAx6mTzaTYd0DborfvV0', 'sad']"
"['7fdVUpopM88uhovZqqF6Nd', 'happy']"
"['1ltMHtAQH3o4tO9lIl1PdD', 'sad']"
"['0CoPoNohPHCjvggWHlxgk5', 'happy']"
"['6s3d8xe76eyHPgD2QYutJQ', 'angry']"
"['1gw8W2OJ1gswTB7haYnQAG', 'angry']"
"['7mrhHmGgMFApoHmOmciCo2', 'sad']"
"['6Rj32pDjrH6eXdj4KTtqPY', 'sad']"
"['0Tn8FBEcA2KoptTPK8Iz8o', 'happy']"
"['3dc0RqQ91QWPMNhUN6MAwB', 'relaxed']"
"['0TXfAQ5ohVQPzt4Mrr5azG', 'sad']"
"['0zGLlXbHlrAyBN1x6sY0rb', 'relaxed']"
"['5DMItYJluCFc7YtFdP4aXo', 'sad']"
"['0khOdsehmA43KWQm6X1ulM', 'sad']"
"['2cRdtQt7Iii6y1LzW9cXwe', 'happy']"
"['0yWilny5PJa35jKI93YHMX', 'happy']"
"['6lBOzYGkoPJz4tte6J4g0N', 'happy']"
"['2T63BSfZdxYJkJ2dGUHLaj', 'sad']"
"['5PQhijtKTKgiKiyj8xolWn', 'angry']"
"['0MjerdRVWLtueFEsU7EBA1', 'happy']"
"['4AwKXevZmsTNa3KZVj3rzl', 'angry']"
"['08c44mv6lHEfUHlPtVg8Yp', 'angry']"
"['0no5Y5l86vXBttaUPa9HEs', 'angry']"
"['0Aveu2KsriohUafrrerz1F', 'angry']"
"['0lsTEAxLB5Q2L2PAoG6Ogt', 'relaxed']"
"['0wDu7SfZrMdHAhIg6aCuxz', 'sad']"
"['4WDn0Xw164TxgFC0DHI2A4', 'happy']"
"['6leusOAUcF7GjBp0SzHsml', 'happy']"
"['4LvqPHF18hUhjJkueeGvEL', 'sad']"
"['6QdwofpqDvvNxX88C9A0iQ', 'happy']"
"['6nz35DNIzbtj5ztpDEcW1j', 'relaxed']"
"['6ewp4089yurchu7SYsa6Lc', 'happy']"
"['0gH7MNXQud3Pvnfv1zk3bL', 'angry']"
"['2b19g6WaqijXOkIfRBkqvJ', 'angry']"
"['789uc4cmxmJmNHbOe69MXf', 'relaxed']"
"['3m0y8qLoznUYi73SUBP8GI', 'happy']"
"['3P0ZKM0sJiwYl6LWAgU9YF', 'sad']"
"['2h2FLYLTGP3wKSbZAPrnes', 'relaxed']"
"['4ufzdKdQ06eUNn9JHtFhqd', 'relaxed']"
"['0UbOOyLRTds8hgvGcX0fO5', 'sad']"
"['0brPpOSPYoIlFVBRMS9xuQ', 'angry']"
"['7bvBOzSYbzUMg9ElqkWQiA', 'happy']"
"['04aK7VpxLMmLMFyZPkm2AT', 'sad']"
"['4FzDNGNtmp4d9ktAyzyC48', 'happy']"
"['7LmG4gBYF7T53JVfgVVFKy', 'relaxed']"
"['1wsNC96XFdHuk8nDoBCukO', 'sad']"
"['0Azd88KPJmLqRx5n0H9CJM', 'sad']"
"['0IwAkElplqXf0Vsk4Vw10E', 'sad']"
"['2eADspwGh5Ad8tDoJ2bHsR', 'sad']"
"['03buZuYnP6IjQ7B9OaFOmj', 'sad']"
"['52K4Nl7eVNqUpUeJeWJlwT', 'happy']"
"['4VRTc5oeHT6Wtz0WzdArGJ', 'relaxed']"
"['67JG3WZ0ow05lDqcWnCBBc', 'relaxed']"
"['4pX0g2bpFxG9So1NmSR75Q', 'sad']"
"['7FtRUrOEDUHTvenvp1BqZo', 'sad']"
"['3L0Q1AuD1kEx1DMO52H9IQ', 'relaxed']"
"['09ORSynamyltVPUrxJzxkZ', 'angry']"
"['63HkkLxSefpYzy1kPrcAOy', 'happy']"
"['1SdXfg8sQWanEyHUYlYqH3', 'happy']"
"['3EUl8M6SzxZl03NPkB8mUd', 'sad']"
"['1FdalSLwAEFc71MXgmjl8Z', 'happy']"
"['7bonj8DN94QniEc4XXOW16', 'relaxed']"
"['3VLCtStwYsAL4LKZgeUvy3', 'sad']"
"['4rXKKa4u0FlulCb5Na2KVW', 'sad']"
"['1KKvumpYrpAW2ugEeKW3LQ', 'relaxed']"
"['2YtjxB2AchCLWQiBH3Zzfk', 'relaxed']"
"['0DsMyxW59yojgt0au0wWic', 'angry']"
"['11i1pvngjkGTUOWzLPz9q7', 'angry']"
"['0XFPXDISKbec6Ff4MdJHjX', 'relaxed']"
"['124Y9LPRCAz3q2OP0iCvcJ', 'angry']"
"['2Phq7kFebjWp2Gi5ungSWF', 'sad']"
"['0M3dtTyluL25kckJeceiaX', 'angry']"
"['4UW5yJcnRrOtHdKOnBds7M', 'relaxed']"
"['6TaHShmHB955lxcJ92V0gs', 'happy']"
"['31A3oqQxDLdG9HRx45z62d', 'happy']"
"['2zYzyRzz6pRmhPzyfMEC8s', 'angry']"
"['1bjCNsvQlN6a9lGmrSIlyq', 'relaxed']"
"['3tF8QmI7HtceDBUdOuZHr6', 'sad']"
"['0LAfANg75hYiV1IAEP3vY6', 'happy']"
"['6wnmRxEbwUK7WLyUtiRuT7', 'sad']"
"['00klbNctBWN9HFIOqxC8Xl', 'relaxed']"
"['2dAIPA1IY8qI7VPj7OtjFK', 'relaxed']"
"['544KWiVxKdGSG4LJ1Ph651', 'happy']"
"['3usYwtFGmBxjLOtUGbGUEh', 'relaxed']"
"['7FxmsmphMyy09gdqGHeqFC', 'happy']"
"['6wk4WJZsaiWiI15EhIwqrc', 'happy']"
"['3dYmruq1HiKJeOQ8h1OEfz', 'happy']"
"['0HgYF795g0WDD2xKq4RFM2', 'sad']"
"['1fplcK4BIi4k5hzp2DJ0kt', 'angry']"
"['4X8eI0IxdwyixaeOPOeeGh', 'relaxed']"
"['6q3URBXG6Tr9pMU0bOlvrc', 'angry']"
"['3OOORI7nnPIuHNMwwu6Uhy', 'happy']"
"['1Mt6BsusgJJln2FMyGFLg1', 'angry']"
"['4MLYH01rrqDifXe06KAkfz', 'sad']"
"['5w4s2ccJcpiNlajHVGtHDg', 'happy']"
"['4UtqFgWCzESmaNfBd48TCn', 'angry']"
"['2N89t3IAX0QQQMNREk3dIY', 'angry']"
"['1J0mCmH4RF4dVcvkLV8h37', 'relaxed']"
"['2iEiNnKtDbbRLDGMmtft19', 'angry']"
"['4gYrJ3JZsvaixzrpT4l6Qw', 'angry']"
"['5eUVhJi5WBxTvI0l7ZDbGn', 'relaxed']"
"['6uGQKWdjmKvgH1QdDCcM8N', 'happy']"
"['6o8bpkuFMRS2b25Vui9aDC', 'sad']"
"['4qVZBA7jWL23SEWOfKFjiw', 'angry']"
"['5dIcC2RTD2BOHTC1F0jrIN', 'relaxed']"
"['4sGwWTjI3z9qdLzGYUtapA', 'sad']"
"['6TABWfWzUPUR5mZHjLUsv2', 'sad']"
"['1myKbSaPIJMLpKfXoQGDiF', 'sad']"
"['68V9RjhHeMGQKzVuBIQTks', 'sad']"
"['7hU0ZQFx21ACgr7VfN77eZ', 'happy']"
"['17McxlXGcV5cew3o0fFgSh', 'sad']"
"['4Ige2bxif1581VlYOcbTfv', 'relaxed']"
"['2ymeOsYijJz09LfKw3yM2x', 'happy']"
"['0s46SltT4On0Z6kglK1I5c', 'happy']"
"['3PymNAkWROfyEVeYq6XtjD', 'sad']"
"['79nOKa4cC3oMkzJT2kL0Jk', 'happy']"
"['1NztqYNINrAChx8XESTNwn', 'angry']"
"['512No5uXtXbhNh7OOz03pF', 'angry']"
"['0pzjcWYkyynxhONSm5C8Cu', 'happy']"
"['4TJzAQN4lSRLMafylE0c4a', 'angry']"
"['6TY7PwR802iGiPV6QUtWY9', 'angry']"
"['4wTzOQlh77gNmhFxdei7Tu', 'happy']"
"['4qw2iLcVhB3rFFMdTFLtwW', 'angry']"
"['1bw2woPnnaR3KU05MsVsWx', 'angry']"
"['760420tYNmNjFgi8bWvbop', 'relaxed']"
"['1ZCOXNe0jCdKYO5xQMhLpy', 'angry']"
"['6Uq5Vi8UmZGzGIicjkkz64', 'angry']"
"['2hRz8zDeu7Y6zeAMPXfHy9', 'sad']"
"['70Gyr3J0em5JccIffFkBDw', 'relaxed']"
"['0xAhbD6lCf5re1RXl5yiTm', 'happy']"
"['3Te8MI4C2zTF5CWi6IdahI', 'happy']"
"['6fdsVNH7448SqrwqWkJ1mI', 'happy']"
"['67ZszWmBE8Vm8S8c15yljf', 'sad']"
"['0Eos5D7dZMxV5zcuFfzlqp', 'happy']"
"['7MC3mtXXvxxEL8IxrMXmcs', 'sad']"
"['61YRU6f29zObMJs2gEFM4B', 'angry']"
"['1QlIB0pkLKR8vEDSW7r42t', 'relaxed']"
"['2V7AlCtwsvWaondWeo1hvm', 'relaxed']"
"['05fBPztfk8kjaRXXx58fvm', 'happy']"
"['48LYcLfuBtTfKD6DLlyOyj', 'sad']"
"['3tky3v47OmGrk5NGazSuOC', 'happy']"
"['5VANqRRzSEkEuAi4oO9yag', 'angry']"
"['3HrNkxybHgl7QqAvUDgFJ8', 'happy']"
"['3FEzY2dIAYJjBvTRaUB3si', 'relaxed']"
"['4iW98ZK1gNzcXmQ5TgTD9X', 'happy']"
"['5e2KiJXyu2o0sucvwNnDqz', 'relaxed']"
"['6lvJDlBrtabJWiBlMTGxKs', 'angry']"
"['0FTiNyzrfZKCe56oSajsVm', 'relaxed']"
"['4HrOXQWurVlu8QcKkwJZHN', 'relaxed']"
"['4dBZKtBAEv1oMrZub2UUgM', 'sad']"
"['2HvCL8hgJoHrrGAZEjQ3mM', 'angry']"
"['0dco6ZSO8vnL2fHRi10XSY', 'sad']"
"['6IC6VhpV7D8T1t037Atqpu', 'happy']"
"['6060B2ritHcstUzSG249dP', 'sad']"
"['65PHNP3b6lwj74BCJolqJi', 'sad']"
"['0XDv7SLyMkGcAnb12fMHa1', 'angry']"
"['2KeNSHFAoULjXHjE5cMJE5', 'sad']"
"['57SZDmQZGWSRApYq2XP6uO', 'relaxed']"
"['4OjqnBdTXfkObStepIo0qh', 'sad']"
"['2AAcMSNag4hEVsdbo3nMZg', 'relaxed']"
"['5pRg4rxlWQS2J9cpmISPL0', 'happy']"
"['10kh9WpO4XlJWhJKfW4I7t', 'relaxed']"
"['3iyIyLjINbTV1Xzh8ef0sJ', 'happy']"
"['0ZuIstS2vy1OxfHfEnsXv3', 'sad']"
"['6Esd3vqNMK7fbwx7foKtz7', 'sad']"
"['3Z4kf3flcP9EvXlvlPwaCL', 'happy']"
"['6TQ3JV6SvNytGEJLxNHN8t', 'sad']"
"['1GBne69tjYyka9cTg4vPol', 'sad']"
"['0uOskbuGVd6E4IJqOpp5nd', 'relaxed']"
"['5wFdcY9O6cEn1PL6V3AEmu', 'relaxed']"
"['7wyVuNCEr1j8NfG1vwMXZp', 'angry']"
"['2oO0aXcXFS3yhCBB83q8yE', 'relaxed']"
"['6naxalmIoLFWR0siv8dnQQ', 'happy']"
"['0LzrhCZFXW94Y8nwtTuRlw', 'happy']"
"['0tURbnatc9qCxlYpXuPK8I', 'relaxed']"
"['1twgA3XKowDHnLVIjI4hVb', 'happy']"
"['1ivJ1VGhFOYNHgD4HtytvB', 'relaxed']"
"['4YCnTYbq3oL1Lqpyxg33CU', 'happy']"
"['1F4eFYBfsN6DLvhDR13KIY', 'happy']"
"['0prBFY9tDgh3oEBRNXY05n', 'sad']"
"['35zDO7WkyvNPIdJmYeIq9z', 'relaxed']"
"['168sYt0Dnp8BEtIMwUDKUN', 'happy']"
"['3Hu8fK7OVSNYGE5tXxye1L', 'angry']"
"['0tYPj0NYa7vjlJaqlRSnJb', 'happy']"
"['6me1hcN1gDrlXAHTHZ4PFE', 'relaxed']"
"['72uS4v9EdiXZeascM5RTl7', 'happy']"
"['1GeECVH4Msg1zLm8DExkbH', 'happy']"
"['79TTAh1HMDlTAvLD2d02fE', 'happy']"
"['2k6hpKTyubRVOmQR11ViY3', 'relaxed']"
"['2A8DajiEXuWdBan4shqvLw', 'relaxed']"
"['4vJr55lngvhSM8WIh9CjQc', 'angry']"
"['1VTVNIlEDhl0eG5jJrYRTo', 'happy']"
"['6ttOR8tpvZFmQXuWLY46TP', 'sad']"
"['467TaQhUCDl3H27aE2zaio', 'angry']"
"['7snQQk1zcKl8gZ92AnueZW', 'happy']"
"['5fFpjmdr07PXjlwQLhz8xf', 'angry']"
"['4uC7IrfS1oQuRCVzqj1EJV', 'relaxed']"
"['3hUTwUiS7H79Po2hnErd8H', 'angry']"
"['2AQA7DsO3YcSxZ5vg1cCoi', 'relaxed']"
"['4snp3oSET37A4cdpjHD0bq', 'sad']"
"['4TOZ8TuZQRMEgJjNsgewg2', 'angry']"
"['6Zo3QapMvKMceJPHTHNs19', 'angry']"
"['5qaxeIJLARExwa34d9TuYp', 'happy']"
"['4NS9X69Qct0IObCiHcWTex', 'angry']"
"['705z6CMUlCuVVbwVGiMT95', 'sad']"
"['74HYrIbnpc2xKCTenv5qKM', 'relaxed']"
"['7N1Vjtzr1lmmCW9iasQ8YO', 'angry']"
"['5Wt2UAS92w2ZyDqX2dOEBg', 'angry']"
"['0Vcpo9El50PNNbZXfKbNti', 'angry']"
"['46aZJc0z1HHHSFxaIRxYSP', 'angry']"
"['60YSrrQDF4AEJUM9NRSqmK', 'angry']"
"['7114JMdpaHhNEOlIY0Ljze', 'relaxed']"
"['2lLafy6AH8wKKTi3q6azCP', 'relaxed']"
"['3dOOB00372mFALtaaIyg0C', 'happy']"
"['7s9lVgi9Hxt1vbfndtJIYG', 'relaxed']"
"['5v3TSHYm8BzbON2u6QBEG7', 'sad']"
"['678Fh7cIfN1sLqxsj5sc2G', 'angry']"
"['2jZe7EcHmEtapkAh05ZEdS', 'happy']"
"['2c7AnyxXkbemyTEpzprQVx', 'relaxed']"
"['6KH0CoTjET1ntAGnOIkMzf', 'happy']"
"['4h2A83ESZ3kz48i8O4clIO', 'happy']"
"['16FkMQeRPTH1ZotvfdzUhf', 'sad']"
"['3YBTxokhuaszeWCOXC7FQn', 'sad']"
"['6hIroseB9TaxU9a5lhO4sD', 'angry']"
"['68rqXl8LTdwEd2u0QMkWvi', 'happy']"
"['6tdD6QVskcgbC6KaB5PASc', 'happy']"
"['1YTuMc934yzN1PKjSIaspV', 'happy']"
"['6LzZ1ipLLqDhi15FMjadwa', 'angry']"
"['3KmNFfvM2EyGdNPwDDJCp7', 'sad']"
"['7C0PzxbsQx59DgGVRsquwJ', 'angry']"
"['0W9f3lY38EJj0Yw6auA6Vv', 'relaxed']"
"['0XiivUyimrmkUyJkKiILPW', 'angry']"
"['7bzzC7QIfflM9eEj2aqaYX', 'relaxed']"
"['3Hl5UjXyGKjI75khqziYCn', 'relaxed']"
"['4AHTD3HPXgv7AuTCpEhZ4K', 'sad']"
"['0Tk3TlKSOdzr0zfPz6hhUp', 'sad']"
"['2RRFTLIglxHgAYQzsSLI4Y', 'sad']"
"['5xABQiiRBuVWsL9zamoj1G', 'angry']"
"['4rA3vrrPjc5hFXzhfXjCEM', 'sad']"
"['57TaM8GozkJBz90xvQ1xME', 'relaxed']"
"['3jagGO7eHHuaD53ibehkux', 'angry']"
"['0Fv6CfegUbD5Egs0dj8CVB', 'happy']"
"['6H7nDglS6xWpRidbhMwI2L', 'happy']"
"['5Tk35cpxONPpB2gXpZ7ATZ', 'relaxed']"
"['2OuNnwnNQyWrF47pthWxNb', 'angry']"
"['6qmWUrLqtHXy7C2UBDEDQh', 'relaxed']"
"['47MLKnVQpYNzHQps6EfULG', 'relaxed']"
"['5YZVXowzVCHUk5Cp0H48fk', 'angry']"
"['0LSLM0zuWRkEYemF7JcfEE', 'happy']"
"['0jVDUBHY2SziMS3MwhKBpJ', 'relaxed']"
"['4ZD6SiaJi75smnel0d7jl3', 'happy']"
"['3KmaAbepfIVA6VYFIUhRLe', 'happy']"
"['6QJkYv3Cgr04n5vCBz2lrF', 'angry']"
"['6H6jikiotP4Ygv5oxPGPDW', 'angry']"
"['19MMMKq4LzbTvhOMYccIRd', 'relaxed']"
"['6QmDfZSMrissIiFADcmGGf', 'relaxed']"
"['2uWMj52ImAeeGQFJmVlU5H', 'relaxed']"
"['1Y5B1vvFDia8MtyM16UgnN', 'relaxed']"
"['4WNegjB8eSeJsxhmEWiBQQ', 'happy']"
"['7n00odRuVpmiBWUZoU2dL6', 'sad']"
"['1HluMJo2qbaI9Dkt6ftiCK', 'happy']"
"['1mw5MkaBQwKfz4ecH9IW7D', 'sad']"
"['2vYatwobnDHofqnbnpWgbQ', 'sad']"
"['04RAcppX0YjUqDYWy4nAix', 'sad']"
"['73SsX4CUXflgE4AupsB6Fr', 'angry']"
"['0iA3xXSkSCiJywKyo1UKjQ', 'happy']"
"['3bYrxDub4IJVA0g0FAbiYd', 'angry']"
"['3Mzqw2mz9YMKjjCEmypYfZ', 'angry']"
"['6X1D6qbVmK48uoOD9nIvVV', 'happy']"
"['0mZNKyrUmsrlDRoYHWsyMu', 'happy']"
"['49bDIpHDL6rjqemVbFHry5', 'angry']"
"['6RL4yr3zt4CIbcz9ZZQ8iA', 'happy']"
"['2V473qE28Ky0ixp2qc7dgz', 'relaxed']"
"['3LrupU93bwJXC26eRzkWIc', 'happy']"
"['3JVhEJdWiaWepTAVWGYqD5', 'relaxed']"
"['0PY2Wl0QwfB5Iuto6FBLfH', 'relaxed']"
"['5Cg9aQIEM2exLNBPupf6V4', 'relaxed']"
"['3fzk6O2HS8bKAFAXpH9stR', 'angry']"
"['033N3Mf87ODmORg6YO61cm', 'happy']"
"['2lCBcps3vL2smlpO13g0to', 'relaxed']"
"['27L8sESb3KR79asDUBu8nW', 'happy']"
"['29002jpB0oFhkxzbL7rW8e', 'happy']"
"['2HlKSufhcnPDZAS1S7jLg6', 'angry']"
"['5JIQFjb6QwuKMhip2VW0QD', 'angry']"
"['3PIZLOw5ZUkANySOvfCQkv', 'sad']"
"['2LrkTTC29VD8HLqulQVO3P', 'happy']"
"['1AvrWYdBAIAN5Su7wEw6C6', 'sad']"
"['5X5wkmwPA1rQwtBdh2SNTv', 'angry']"
"['0Lswx5g3ReMvgXhXbsgp5t', 'sad']"
"['0FFu40edk0VCjrsfLWZjcO', 'sad']"
"['5ajp3TnB69Nr8dJlbOj5LE', 'sad']"
"['6HlFxHQ5nn6HYGxOOYIrLm', 'angry']"
"['4f8hBeMXMvssn6HtFAtblo', 'relaxed']"
"['0fgeMBoicPh1ZiXkJVCi5E', 'angry']"
"['2zETdkc5Wm23NLHEWDillV', 'angry']"
"['69dDr3w8IIcOGKwlW5XntT', 'relaxed']"
"['1yrquRdZk965GKv2kDHGpL', 'sad']"
"['5Ts1DYOuouQLgzTaisxWYh', 'happy']"
"['61OSUGkJO6SVu7SZFT4wq4', 'sad']"
"['7bSC1LGg4kB0oltSx2E2eA', 'angry']"
"['2Xh7dyCHCErCv3PmdVEGw4', 'happy']"
"['46U7SVM5rsLs7EZaCczHHp', 'angry']"
"['0OAfv038kxh9xLGjJ7fRLi', 'sad']"
"['0YJO6ZLARJuHv4zr9F1boy', 'sad']"
"['6Zbv79YWB0iZSXwIwEsIOP', 'angry']"
"['3ci1aGelb4y8BxI5abOwCH', 'angry']"
"['5ahPl557niKxia8Kquw1yh', 'angry']"
"['5TKz8J4Noz4nZSFIOpHpMm', 'happy']"
"['5xFqDS7kANSCyzne6yqjIV', 'angry']"
"['1zEWet6TeWLmKJ96nyyXHU', 'happy']"
"['7L3KZewp6PJjUpRLlWtrQR', 'happy']"
"['4wMZXHd1NGlxqJexmXF9ge', 'happy']"
"['4xOTVtbCPcfxMs2hSt9D6i', 'angry']"
"['5W8YXBz9MTIDyrpYaCg2Ky', 'angry']"
"['1W1tZklFWphskyEek3cPdI', 'relaxed']"
"['5iyE2d4U3Vc5cqY9mPTlpy', 'happy']"
"['0JXXm3RqxU8EKzX4P8M0n3', 'happy']"
"['3gYpsnUoDr1XJLw7f4EpZT', 'angry']"
"['532CXZ5NJFjhyQaRJkM86u', 'sad']"
"['59WN2psjkt1tyaxjspN8fp', 'angry']"
"['6fpaLxz4zYgxTWzioHfxSJ', 'relaxed']"
"['4lmQjE7oyemSZtaKTxz2Lk', 'happy']"
"['0Uoq6VHUFUFPDuXuNaR6bn', 'relaxed']"
"['1hpT3nPkBGXysyp0k12VKq', 'happy']"
"['1eFcrfI3cBZmhgzMTZeb5r', 'happy']"
"['3BJGwjQUlDPWzQeH3UA18C', 'happy']"
"['2c72qfxXOJUlPoJimDcI20', 'relaxed']"
"['7112jBwas0Y7S4kupp9Wf9', 'relaxed']"
"['1L0rReDmm7sIYyHOdQlDIY', 'relaxed']"
"['104YdibC7VQy78xAVmgRYr', 'angry']"
"['6qDyXGQlFnHlOKTjIw4AFv', 'relaxed']"
"['1EvG6DImPvp3pfPAgWzzGa', 'relaxed']"
"['3K1I4gBtggUMx9360SkT9w', 'sad']"
"['6ZAuCrqQWJUgSh4Ttdwlob', 'sad']"
"['47xc25mjgiHcnfe8SXy3ti', 'angry']"
"['3I6IRm7EjPea5vZKAnl4j4', 'happy']"
"['1RvZbbah1iFUsQe68M8O0Y', 'sad']"
"['479QHOD8oEeB2gCzB4kdQ9', 'happy']"
"['4liCRbkMKuBHFq4pi8ZY2i', 'angry']"
"['2Bcvh4zypRuH0cCTQzuV6B', 'angry']"
"['36gQBgUJjbRbrMTyQUNl56', 'angry']"
"['6xOZCV4EPCupXwvqajSKzq', 'happy']"
"['72WzLBoSQggMZ0S5hm95VH', 'sad']"
"['3Enw80l6o1fUYaFSaCQfS8', 'sad']"
"['5iV7MYBfzSIPLeP3nzNQYp', 'angry']"
"['7G8mFR98lc1YvQFWukfKNE', 'happy']"
"['2ZPOHNME2LRuumFiTMVCeC', 'relaxed']"
"['0T4oSuMnLfKBjIDc8qxxMH', 'happy']"
"['0NnHjd4N4JFVbJAjyKwrfG', 'relaxed']"
"['1YclHhJW1ZQAUea6vqHDR2', 'sad']"
"['3ajRl5fAGl1HksMU4XySBc', 'relaxed']"
"['4AWMQ4pKtZ3pg7VoLfXhRl', 'angry']"
"['4GKVuy4GRqRID0qUutva3k', 'relaxed']"
"['7BuzJmV2h6eBbSDdRaDY7C', 'happy']"
"['3fWWWWj2JvaQ7YF6KIoOWN', 'happy']"
"['3B0GXJ8ssdSk4PFlOsTbQd', 'sad']"
"['0JbBu9CZ6nlbcFW6nM872m', 'happy']"
"['1nFBV1fHblpB7NxqEJmv7I', 'relaxed']"
"['7CpXFEjLntpr4GdOhTtFEv', 'angry']"
"['6FXjVsmKPW93LXRFYhfmmw', 'happy']"
"['17roC1P0akCIgTEUMarJuh', 'relaxed']"
"['7m8leIR2d0XtLWm1lPXaKu', 'angry']"
"['3yjbzGRfkULIWrpVbLttuX', 'sad']"
"['0GxqCJ9d3aNAc6UROiV7os', 'relaxed']"
"['74v1pkfsUkCpawESagwpdb', 'sad']"
"['3NoOwvxhI2yMYknxqnFUVx', 'angry']"
"['5yvnuEZmDBNH4uEhqdayCS', 'sad']"
"['52VnbCW97efS5ycFHiw15f', 'relaxed']"
"['1UJNbgfTzG1gZZTWFJdMf1', 'happy']"
"['0l1Pp67JljnHBeNYzffPkf', 'relaxed']"
"['2LYeYswIAzNtmxO0X4OviQ', 'happy']"
"['0bObvbw2v3pAiGM1F21vnH', 'angry']"
"['7G83ZwD2msTtFaBQExc8QB', 'angry']"
"['4Z9R2haJASztRkUgh1Cgai', 'happy']"
"['05uDoA9W1y2zz7A1Rh55tN', 'angry']"
"['3UBItNVbFQiVC5hBQlBvnr', 'happy']"
"['0u1HWtNuJMtzCk6ji6PKLD', 'relaxed']"
"['59FwEQpuagQZQVP71h9OIq', 'angry']"
"['1es8ze3yvUplQRN98gf9cQ', 'angry']"
"['6LoqqcFSgBxOLTRzvfjZrj', 'happy']"
"['02Etn5AhrRkEOzvBGFKAk3', 'sad']"
"['5VTckb8MCKolqj8dIPi8KB', 'sad']"
"['6hoj2fpD27ELoVe2aK4fom', 'happy']"
"['6pMtdOSLOtTtd7fmtqeqGg', 'relaxed']"
"['4kI8yW5Jg83WHD4wnRiLtG', 'sad']"
"['3t3cv2Vb8XzjipocvYP22U', 'angry']"
"['6RGV97HIkgZJjme2dzilfg', 'sad']"
"['5zsePddkJkLpwUzP4YBGMK', 'happy']"
"['5MELO3GLE0jUFDwnm6tBn7', 'angry']"
"['5ZBeML7Lf3FMEVviTyvi8l', 'happy']"
"['2F4FNcz68howQWD4zaGJSi', 'happy']"
"['2VFjUd6M9Ka7STuuCrMCcz', 'relaxed']"
"['76aUexA11Kh7KUt86xQM4l', 'sad']"
"['42Gf2WCxCBYJoOLNIdVL8z', 'angry']"
"['4QUSYhWEXCbXCuXIth0I5k', 'sad']"
"['086YwJQkdTiNqguJr05TG5', 'sad']"
"['39NOkGtkxUsTlJPelo8Doq', 'relaxed']"
"['5wa2hZB7RPTiXuapfogEbU', 'sad']"
"['3FPTihoOtQKiIFWulTXfcz', 'happy']"
"['6tetorrFfVEwugqcgfwEm1', 'happy']"
"['7madezf2VotLIT7G6XDql1', 'angry']"
"['6bZxJ5ZlC3piFgteNgeWSo', 'happy']"
"['1Ulh5rWbhhV3PltDadTBZC', 'sad']"
"['3AbDtRIM5VXi1QjSghBfBF', 'sad']"
"['1FLEVJaXv8vZwunzQZSHLK', 'sad']"
"['5piPHieFIgwZjWGwLtIax0', 'angry']"
"['1PENRhwhQ1gihMdBrq4Ilx', 'sad']"
"['6JH9yWhgbm0y9iAJhCslNc', 'angry']"
"['4Lxn1JlGJwmmXpODrNvPA6', 'angry']"
"['1sDbvdJdkJ2lt0ZGbjtShA', 'angry']"
"['6pmuu4qSz2WrtGkBjUfyuz', 'happy']"
"['24vNw0Z0srb4zYXwrakw8E', 'angry']"
"['2XHG1C3ksw9EAclBFDYZ2M', 'angry']"
"['5bmpxtGuYdEPZkQFE6gyVg', 'relaxed']"
"['1UwqBuo4gLWhXOjLu4hukb', 'happy']"
"['5fPiWCdaoQHFTWWyrKB4CH', 'angry']"
"['6dfePSn2iCz6QauSJN7lWR', 'relaxed']"
"['4IQY0TThr7YebYWf2X07xC', 'angry']"
"['71kDpNoFnT9bJjaM0pfQl3', 'sad']"
"['71Rybd8LotWjQTncAVKeX5', 'relaxed']"
"['0473uC27v1NcZQk5Jpm1aH', 'sad']"
"['4eAwB5pnKFTmsgc3zWoYO0', 'angry']"
"['5WwKzyAOGvnNqTIs0Tk8ei', 'happy']"
"['55HeOFek7Rylb7FtNy5hli', 'relaxed']"
"['3kadyssBaj5KzZiVxPjvRI', 'happy']"
"['5WVuhq5MNxSaKZ2JXjEfUd', 'angry']"
"['7JGAMm6alQT6AAN8OTsy99', 'relaxed']"
"['4uFQwzVrHnkoeE7cICA6bT', 'sad']"
"['2KH16WveTQWT6KOG9Rg6e2', 'angry']"
"['1HfMeYbip8KTFUHKjC3a6A', 'relaxed']"
"['5dci9BCmhYQdh61LAtemUi', 'sad']"
"['3BxWKCI06eQ5Od8TY2JBeA', 'happy']"
"['3IRuLLHQSIvGAlnyLST7Ut', 'sad']"
"['7jMl0r6ROhuUSaTj40INId', 'angry']"
"['4jWK598wEA0X0tQm6xIcPn', 'angry']"
"['2LScqpywMqGcnum6nNaxXX', 'happy']"
"['2RaA6kIcvomt77qlIgGhCT', 'angry']"
"['0bKZa2zldftYPRrSRscmG2', 'angry']"
"['49jWPMEvoGPNRYSd4vEXSo', 'relaxed']"
"['5hdOAZuYJWsAGOxBKUHpvu', 'angry']"
"['2OnJ5RZuyi4dubXKY0gEWM', 'sad']"
"['18YRUsBTJGmRGW2rhmA1SS', 'relaxed']"
"['6KIS5YIZAyeiFNx1aE1OhY', 'relaxed']"
"['39lSeqnyjZJejRuaREfyLL', 'happy']"
"['3ocXcXmfkc7yZqAJO9V8iI', 'sad']"
"['3bhTDrOYAQtZsg1fHfbWQ2', 'happy']"
"['22kv2NoeaD7qhTgShfZjIv', 'happy']"
"['3Lk77QOBVywNAVSqOPcuw2', 'happy']"
"['6CzIvgDXnjhZTwI4V9csfg', 'happy']"
"['6HGLrT0Pk1kSTRYpEFMDdn', 'sad']"
"['1BKT2I9x4RGKaKqW4up34s', 'angry']"
"['2Ck23L2znrPAFiyopqzWUj', 'happy']"
"['4yoPz0pPNCXHtJUISDKMRr', 'angry']"
"['6yV2W1h4PZla1PE5s1zjVM', 'happy']"
"['4MN0ZmFppiiQsPE9HQKKsH', 'angry']"
"['7GNXRQ7AL3DHAfjgh7BkL8', 'relaxed']"
"['4k3K6Ke6KfAWb7zyQWrTEA', 'relaxed']"
"['3GcvxghJMdrNH92Rp2oMtV', 'relaxed']"
"['3QV7NYkrmV0Q0IHdFJw9hO', 'happy']"
"['5nbbIfsVTu54XadrMNltni', 'angry']"
"['3erQAddOalef7tmVpAZ3BV', 'angry']"
"['7GVvj4zJNVuBJSl6StEfn5', 'relaxed']"
"['18Mh3v6rBCCpcNYzyaA2RN', 'relaxed']"
"['2vy6F2C23RxlGJvbdA7NTq', 'relaxed']"
"['73lYI49LhfsscO33ohrGN0', 'relaxed']"
"['4xP5cjA72WSiXNXql3glWS', 'happy']"
"['4a9i7rCLfPjbS1sNamZeQN', 'angry']"
"['4amcY5vhp2Z40EhNVa2xHl', 'angry']"
"['1uPrIHgYztXSkkcts9jet8', 'happy']"
"['6cIeXq9VgP8y0638xOiQpw', 'angry']"
"['6qb76Rj7bFYI4ZafAYlH96', 'relaxed']"
"['0aULRU35N9kTj6O1xMULRR', 'happy']"
"['3SbYzzYOeuAadi1ShTXFXU', 'relaxed']"
"['1ffbbYhbGlXBZ7l2Iyzvcg', 'happy']"
"['7lMGc58V3S7lD2SLNRdOKx', 'angry']"
"['660u9agQuREtEDmETVWSts', 'sad']"
"['0aZQyZyQ41fb12tJdYVa5H', 'angry']"
"['3iyyixYZj3LNyeMyBDGCnQ', 'sad']"
"['0HVQuuXGAcQ2P5mBN521ae', 'angry']"
"['4I6Ft3QBYfha5GrteCWW9x', 'relaxed']"
"['6YnnBx8Iq1XvlBrgonGLfP', 'happy']"
"['3nqm3DdVskqbHhmb8S8hMd', 'happy']"
"['7LqjznQwfrax7MjQXmxqdQ', 'happy']"
"['13J9Rdr35e9ktyaRm6VtLj', 'happy']"
"['7j0nWiNXw3Ncq69NxT4k6s', 'angry']"
"['0NwncLo335WFqNKl9xhXrB', 'sad']"
"['7AgYppy3FMGbn2TkVCVrv2', 'sad']"
"['4ghtc1qkwPW5CIjYrac1MJ', 'sad']"
"['6gQUbFwwdYXlKdmqRoWKJe', 'happy']"
"['7kYsV81UkV4z7UuF94u8T6', 'sad']"
"['0dt3XQL7LjTNyizTXY00yD', 'angry']"
"['0rhUvAqeXfG4gl4IZhglgX', 'relaxed']"
"['5IVuqXILoxVWvWEPm82Jxr', 'happy']"
"['7kFMBTOVe1fBGI5PefWyY5', 'angry']"
"['6P4sJv6CtaIuQ7mpzDKlCH', 'relaxed']"
"['0ge1WFjPBWnfPz0JnlC212', 'angry']"
"['0azh8Cxn6sUDdyXDBE9qUk', 'relaxed']"
"['4XbxeoBeQnwpsyJyZEMoWc', 'happy']"
"['4BgOZRhJ47uUj9M6Wn9ZhX', 'sad']"
"['4TsWd7wuvaKW9E2DSoXGnq', 'happy']"
"['1Mtwi6CmEHxkZvsNWR9qVE', 'relaxed']"
"['4zUL8OlucDHVUEldsw9AtJ', 'angry']"
"['2dId9x9fxcaeAOswSIBC39', 'sad']"
"['48NXpYRuvv9izul4oXhqS9', 'happy']"
"['5JLy9IPZhFwmPBlPjcqDL0', 'relaxed']"
"['1OhqL9yY8DfQxx5mTpa2LK', 'angry']"
"['2WaPENhrq1MEy1qk6iKnCh', 'angry']"
"['27CwCwu3EocFMESQRc78iC', 'relaxed']"
"['1ElBmlZ8tSXaNUl989h8x5', 'relaxed']"
"['02E4skBHp6ZyoEDgXHcQgu', 'relaxed']"
"['2yPi8Ayxxe8K3UpnQWk3ZX', 'angry']"
"['26uVP8g7Uijo0zuN22De3x', 'angry']"
"['1T24OCmbICPdS5iEqzxKdw', 'relaxed']"
"['2oZhl1u0zEk4yoAY9zpT9r', 'relaxed']"
"['2uMqG8w8oi09fB2YA2QLOm', 'relaxed']"
"['0RcJoi4OLdWWvhwQAZ25Oa', 'happy']"
"['7KWoeBqSdZHEloYKVxssfG', 'sad']"
"['1Hd9I5eGPhOzc4M6C0pgME', 'sad']"
"['5ASM6Qjiav2xPe7gRkQMsQ', 'happy']"
"['2dCmGcEOQrMQhMMS8Vj7Ca', 'happy']"
"['66M3khO7OfTOrRUSIOh5Tx', 'sad']"
"['1gFMesXcHHtIUhwzxYFOtz', 'happy']"
"['0Diywwc3q1HlBiVxCC61jK', 'relaxed']"
"['2gnYFQWMzj8bNX4dDJyWzW', 'angry']"
"['5k0RmmWmBJ0NS1RiYViRhL', 'sad']"
"['4mmkhcEm1Ljy1U9nwtsxUo', 'happy']"
"['5h1AqDaWS6bOeEAHig9RQr', 'relaxed']"
"['5ZwXpxkFA2qW0nGCXwpIx4', 'angry']"
"['5FnFUhTm3M5M8exXQxztoR', 'relaxed']"
"['1606YioG1iVJRgY5zBiO76', 'angry']"
"['4b8Of9pmPK53OVWzvJZhbB', 'sad']"
"['5qyJ5rKvb8TbNDNbuctVSg', 'happy']"
"['0ld7shxVOeRIVcQPlYfAKL', 'angry']"
"['5ictZMfQTA9DoYeOdfSYVL', 'sad']"
"['2vhLg9UmWgq6nOTEWcxFdF', 'happy']"
"['6vjvewW34Y3UiGQtJokGlY', 'angry']"
"['0Ej6qIhc3k3Kky7UknNbav', 'relaxed']"
"['0BRBDRdjgP4Iw8coBDAeeT', 'angry']"
"['6oqmd7agyZJHQIAvWBQWFb', 'sad']"
"['3D6t68V5WfxEIMbwcARLia', 'sad']"
"['7dIkQYmRsKXAbzshwF7pjI', 'angry']"
"['2bjUNIplLuWJ7I9hBybzZX', 'sad']"
"['351FWG8tFK5ftLTjWHBzZ3', 'sad']"
"['1hvHlIEQEocekVFSskMWR2', 'relaxed']"
"['7IwFA0HPOBCoQT5qzP0jDN', 'relaxed']"
"['1E07QPcmjdGIe8F0Q4ZXtT', 'happy']"
"['107f64CEU5dSzAQiFRQ3yr', 'happy']"
"['3RcrFgETR1QGjzV6ZzIRBy', 'happy']"
"['17CEV2efL5t6TWx7pis3iL', 'angry']"
"['0HtTmvEzJVpEDkg7mARpxD', 'sad']"
"['0WDjf1JHa22EYZFtI5SQDv', 'happy']"
"['3MrWxJaD2AT0W9DjWF64Vm', 'happy']"
"['4n7a8D6wi682ML5Mx4txOW', 'happy']"
"['1skZbRX6ZDmXwkKAPpb9UU', 'sad']"
"['4AeTqU130SqQqWKuiLMcOJ', 'angry']"
"['1Lj9AXVnxwolO2QZuqBoAx', 'relaxed']"
"['2YgW2VVOwQItMkKW07fMt8', 'relaxed']"
"['2EM9zpAc7PVeoAydmbfVIL', 'happy']"
"['3bhZuw0gZRLEOGeggjWzpP', 'relaxed']"
"['1GJgoTGiGtQ06yYFHskUh6', 'relaxed']"
"['5qR5b6Coq6srVHsa7vi7a0', 'sad']"
"['3olub0N0g8YIBH3i323cdU', 'sad']"
"['3mFg1Hn5faLMFK4HNDjhnc', 'angry']"
"['0fhbROIcpVRWSBjuIKTKm6', 'happy']"
"['1ZwLNcKUCHaN6ZUKXex7yY', 'angry']"
"['0VbN8JIzRspzwOCp6c5d3L', 'relaxed']"
"['42iLNNwGl2aikdRxEmD09n', 'sad']"
"['0at89DgpVeImkVrQ0htbVm', 'angry']"
"['4fwVyP1i3qxA4U2ADP6lHK', 'angry']"
"['5j89K1LPP8YTuhZWKUgr9I', 'happy']"
"['01drW5lmrI1SWrSkDzivsj', 'happy']"
"['63oVkEVfk5KcFGdXVoA9NA', 'sad']"
"['6O2mR6QeF3F8BZDsXEqc4G', 'relaxed']"
"['1BxkyysLoXoDTrvtD7WDRA', 'angry']"
"['1360oA6YJXktFWEmVVsU99', 'angry']"
"['19Wj19suQmzZAhMNQz8JrO', 'angry']"
"['1okTOYnkaFdBecy40SZTjc', 'sad']"
"['3LwfE3USKwANPjPz34iGDZ', 'angry']"
"['656TZu3G6rnfK9m2Y0zR6g', 'sad']"
"['0HSO9R3uK9nXAjESTksaLV', 'angry']"
"['50q7iwprDl2WBAhHdCU1pg', 'angry']"
"['6qxJcZgS7z2aBSwC4PNxVA', 'sad']"
"['1zW2csx1vVJrKfvDrFQNVt', 'happy']"
"['5Qhy5MYSkAMRVgTrABOlp7', 'angry']"
"['5Md11uzTcHNXMWOJAz60Zd', 'angry']"
"['2IO7KV7GVaTkhD7xyodSZP', 'angry']"
"['1fP1WSFBzETeHyQux5ZrQ8', 'angry']"
"['4AuklilJZW4D3IrWpirfeY', 'relaxed']"
"['0TvWULuyrFnu5PmBfDaesd', 'sad']"
"['1CmOgWohDQJyLjzdSZ27mp', 'sad']"
"['0bGUHUjU8IZxH2NugIjTX9', 'relaxed']"
"['3TmnUIbelFiDzrhZqavHU0', 'happy']"
"['5at039gZfHTvOK3gSLni5m', 'happy']"
"['0cSlKH8BR5r8Q9k8NoKkdD', 'sad']"
"['3ygA3p2qb96FuzDLRXFwIN', 'happy']"
"['4JIfgJkxaWu9I2gdNR3wi5', 'sad']"
"['65bUiirDJGSCCcMIJ3YyKg', 'sad']"
"['5cQIiCPBoZy7tH3PQC3eIQ', 'happy']"
"['6bg2E3iGJlZrGE0gJlSddf', 'angry']"
"['1uL1tl86E3YVxidIA5bpnA', 'happy']"
"['7m5Kf3oIucLx7VqvKNijMP', 'sad']"
"['2yL4HyjxwC8RrVeH4Xzq7Y', 'sad']"
"['0goEaYw1cI7ubi2YO2WMFJ', 'relaxed']"
"['69Kzq3FMkDwiSFBQzRckFD', 'sad']"
"['4SoRvuR09go03chQROV80q', 'sad']"
"['5CgCxjb2BEO8HfBDsBSr9l', 'happy']"
"['2huEOPsK2M0GbgfoiTqEdy', 'angry']"
"['5SZcMOL2Uy4r9x3s7iBAbr', 'sad']"
"['2Wf4IsWzhBgVR9uUDuktFB', 'happy']"
"['4RY96Asd9IefaL3X4LOLZ8', 'happy']"
"['6TPuL0IRzvOypCzd3cPuUc', 'relaxed']"
"['2gscB6kDOmrv1P6qs2KXE3', 'angry']"
"['2wiRaJG78MwRqBWnDSoO4H', 'angry']"
"['7erbg7YtuQiA7O13Q12ttu', 'angry']"
"['3aCRrvADMjFjZq1x8dWD0t', 'happy']"
"['69jH4fdxtyYaUflBKerbmu', 'angry']"
"['7G4mN7ip5jrglGGUOTmC9Z', 'sad']"
"['5clUjbxHSe1IEJX7LEH3rv', 'happy']"
"['32le5VSoeqPmuVYZGE6b6a', 'relaxed']"
"['0PhxP19seKYf1fAUC1H3bS', 'happy']"
"['25suYHVUwWFTG6G31kuhZH', 'angry']"
"['0wdZXaPbZtvGQ9NyQkY7Nc', 'relaxed']"
"['0hJPZ0v8QxRwGIKiMGKE1G', 'relaxed']"
"['39SyB2NWiRlMtcKrI2rr4k', 'happy']"
"['1LMxJZqqlUWjsKFw9dtv5d', 'sad']"
"['3EQmU7JX0BhDX0DtL3r6rF', 'sad']"
"['74NBrEJMp3gVFfeWiOIzJi', 'sad']"
"['2UKkLqST2xWpK8n1b0Xr5Z', 'relaxed']"
"['4hLk7Bjz1XJWNDiqovvgBW', 'sad']"
"['1gKmnrz6SzJlGMNRKBLx1V', 'happy']"
"['4gT8lyyMbQGPl7DXZCq5Pn', 'relaxed']"
"['4M4Vw1dEDTnWUcC5DJxV38', 'happy']"
"['0TIfMyq3MtmQhNJVXJKcJP', 'angry']"
"['4LTtLIIrq1krMtYsb4x1dz', 'relaxed']"
"['1OSgxqD00RizIDSXTsUHpM', 'relaxed']"
"['764gKnydqTR6pQCkGLl1o2', 'sad']"
"['7b2cBdbLTa2YSmfe3NEivL', 'relaxed']"
"['2vG1yrWSMiL6egg6w4e9ma', 'happy']"
"['7E2NpVcD3i6AIm3uyd343i', 'relaxed']"
"['2xnSLJOZAh1eTEkBJHcuYP', 'angry']"
"['1VS6BYKweyrXaouFwSdgco', 'relaxed']"
"['18pNWsGGX0wUmvYtc8Qo0p', 'happy']"
"['34rOW0yx7mEBKfvI8b2wSK', 'happy']"
"['0vwCaq6juiCDaXmG1DaWoI', 'relaxed']"
"['5GHwCpwEos0FzYe55slXEp', 'happy']"
"['6tghU970AKZkWdKICobMtg', 'sad']"
"['21aDHnHXtZqnxqLaD0chkG', 'relaxed']"
"['5bcjREGkqwlYD272fyhwc6', 'relaxed']"
"['3I1DVI1Bllke45hTQke9ux', 'relaxed']"
"['29OmmU1vDlQkrh7oy9Le1J', 'sad']"
"['13ejm17Ff455pQezjsGn0Q', 'sad']"
"['7LnDfoRFeMhrPc795W07jk', 'angry']"
"['2Ca3f6KZiBrlLD86qpLltG', 'sad']"
"['714hERk9U1W8FMYkoC83CO', 'happy']"
"['28XN8ncs0OBodA23W4ysZg', 'angry']"
"['5txrJzhPIrRqfvtnvZGcbX', 'happy']"
"['5Rv5TrAICmaHYKwANplEQH', 'relaxed']"
"['4RNEfrpALlfQ46hWAamoH7', 'angry']"
"['0MNCcfN8KzX0Wyp3wSiwo5', 'sad']"
"['3roVlQAELe3DGGTfCwcdvL', 'happy']"
"['0IaFIfEvXWNZaJvunmOK2z', 'relaxed']"
"['0Vo9dhpXkws81rxZUIItVk', 'relaxed']"
"['3vEmpJQC2p8h0U3OiBufQm', 'angry']"
"['5Genp2tGRn0vwM9F5pHMKu', 'angry']"
"['38E7U60ipLSTVDcPIuVzZw', 'relaxed']"
"['32Uk6r7BFqNfpUVOFuQZFk', 'angry']"
"['2He3NOyqtLNE3RQPpeDdSb', 'happy']"
"['71SgQqWW7LAxb8rS7fm1Db', 'relaxed']"
"['005lwxGU1tms6HGELIcUv9', 'happy']"
"['4PPOSdRKZpYE5Wncds5HDf', 'sad']"
"['5jv3QxL0MFswzM1UJ2qQJM', 'happy']"
"['0xd0fSicoF2FkERilhKFMh', 'angry']"
"['54hjFPLAWMurvAqlh0fifV', 'angry']"
"['59EupkPF0AA5nu0qDo5FlK', 'relaxed']"
"['5zjQ3gF7xeNhMh0Is6wX0b', 'relaxed']"
"['5xTqhUcwPm8BSS8h7m3fYr', 'sad']"
"['1DTvpxiXXltH3xZE4yXANv', 'sad']"
"['75DBIP9rTkRd1PRntsZM3q', 'happy']"
"['1ynmMEK1fkyiZ6Z6F3ThEt', 'happy']"
"['4MXHBiKcdqHBJ4PeHQJBHO', 'happy']"
"['0wCZgB5E9nw9dk7RRZyb7a', 'sad']"
"['5r5sZ86FGRzcu4DvgANioJ', 'angry']"
"['7vlEsbJ73GcQtz6sMzZmEP', 'angry']"
"['1Zd5KxenhiRD0OpIf9Dfmh', 'sad']"
"['6meTlodlx0whBYj9Gux4LQ', 'happy']"
"['0lCgAEyTIzwbJHHPmeE7PF', 'sad']"
"['2g0wYd9F6yLQ3oQ09NRgUg', 'angry']"
"['0dOg1ySSI7NkpAe89Zo0b9', 'angry']"
"['206dccqnCtUSlHpDE2t216', 'angry']"
"['3Yj9lNYD0su1mbTtA1ktat', 'sad']"
"['37n9zBD7h4IKimhkOfoFwf', 'angry']"
"['4goJhfQRbNfYybpYf9xmbL', 'angry']"
"['6TBhIzjK8HiSct7nDBvS1q', 'relaxed']"
"['5UjqXQ77VtXZtvC9M0B0Wy', 'relaxed']"
"['2wdjY5H8f2LZK8MzV4VC5O', 'happy']"
"['69BSguYY4m6b1yibQdUBst', 'relaxed']"
"['1i9ZoEtx5V2dQTXtvtzTkj', 'relaxed']"
"['1fYlwOcveGY10W1bNNfpGk', 'relaxed']"
"['371JtbumkPGkJEuCOMLf9E', 'sad']"
"['24YUfO7tZp7k4VAVdkFuEp', 'sad']"
"['2kijrPqAeHdmLoaSAW2pJY', 'sad']"
"['0obzF8a4DaF3XrlOB16xlx', 'angry']"
"['4R7NLVLt1qyYsqqieGkf7B', 'happy']"
"['5CLdWJUhwEmmelXb0yflD2', 'relaxed']"
"['4jfWUWOkvZ3rcjtCOV0ER9', 'angry']"
"['4bW6gwOOTkhBUyWTXSMvgh', 'sad']"
"['3VYbLgJNS7Jr7YlatA0lNe', 'sad']"
"['2Ei5auE9kCmwKB2JZtKPKO', 'relaxed']"
"['5WVAFoNUyf17yEYVe0SPJP', 'sad']"
"['0fsckVllnHXQsEZY0TMkp4', 'relaxed']"
"['2yT7HjDXV9ni3MN5s1Z3G2', 'sad']"
"['0qQLbYR9WBEuKARbN0Lttw', 'sad']"
"['4IHbylDFU8KEPlIJms5TlD', 'sad']"
"['07CUEJZd1N8NFKcIeHiFbR', 'angry']"
"['4KXYCQVoIFm4fI4RmNA6aN', 'relaxed']"
"['0KPDxUvVt6TjBsq5ccU7yn', 'happy']"
"['3YNKbymzBpPlqGTQnwtYWn', 'sad']"
"['0LQtEJt7x0s6knb6RKdRYc', 'happy']"
"['3Q4apI1afNqKP5Ibw6VyKo', 'happy']"
"['4Hruh5C0Ef3y8mIcns5Y1O', 'sad']"
"['4mtRuEDlwvtnsge8Owi22c', 'relaxed']"
"['65xpIwIluxmO6PBW7c7aqw', 'angry']"
"['4v0AFz0KGhnH6Ppmz3QjmB', 'sad']"
"['2O5UcpKolgLT8l8yAvEmID', 'sad']"
"['1w5iUg5lhu6pHS1IMeD6XE', 'relaxed']"
"['0ce0IMri055V8kqyS5FD0U', 'angry']"
"['0gr97EET1vP85jcFESMYRK', 'angry']"
"['0CMVsbg78bj3L93fNgu2pA', 'happy']"
"['3rzYUfyzdZW96cHXnGn1xI', 'sad']"
"['1IehEIgrU7Xw0rZxNzKGD2', 'relaxed']"
"['7JGmpugbdiVWskY1S3EmTY', 'happy']"
"['7mfvOqsvzZaUl7sfbcNk4E', 'relaxed']"
"['1aPIOiggxmM2pjDBky1HIo', 'relaxed']"
"['2S0DqrpQYrGF873Pi5hn1k', 'happy']"
"['38mDxPFyFRiWQ7j2fWVHpE', 'happy']"
"['16Elz7HJPLZPMylp13ewxv', 'angry']"
"['2nn7J7tZpxZg1fN0NPt5Ux', 'happy']"
"['4nV4DeULLAGkd8uIo2z0FR', 'sad']"
"['7uvvBcIxL06JZF8v1o1zzj', 'angry']"
"['38orAaD0ZcoVXKYokVeLND', 'happy']"
"['7eDz4e7BnffOzpMbpqH8tW', 'angry']"
"['51hyMBGyW5xQpwy1WQ24Db', 'angry']"
"['1H63Xi6LM7rvQC8M8W5qhy', 'happy']"
"['6QyQRQ39cdIvMMXa7bKo5X', 'sad']"
"['2xtunlrmS84VlrqtuvKOLL', 'happy']"
"['0XATQ6wedL4bMP2emZNE9F', 'angry']"
"['3MkSagM89RiuucSFRgUmWj', 'angry']"
"['487uZHjPqwQWAMKdabHJnZ', 'happy']"
"['6azwgyc7oNJvcsYyzqkiA5', 'sad']"
"['6Vt7NKuMmZhy1WpVwcyNMl', 'relaxed']"
"['75l90Py7SZymvoQINih5ag', 'angry']"
"['6ZDQSjfR7gk326zR1B8JSg', 'happy']"
"['2SknHmwY6GiOv6aK7YRahd', 'happy']"
"['634ihmh4jod5eFB949lH9K', 'relaxed']"
"['3XcT4NCMoPXyY5U2GCq7Ph', 'sad']"
"['0r8iDf65NHgFgZOGLwj5r8', 'happy']"
"['7mvN904TRvKl9CPQXFJ16t', 'angry']"
"['5eyTC5GZzpzlN7YRO9AoPf', 'happy']"
"['19wEvsrtK0USRbfXcG7ToK', 'happy']"
"['6sNT5PF1SjTYgMiAIQGYMd', 'sad']"
"['0RnCUYXa7jhgTXtiMXF2PQ', 'happy']"
"['7pRDFBYPmUWBFnpwDhzqGm', 'angry']"
"['65xpIwIluxmO6PBW7c7aqw', 'angry']"
"['6EmywUvSSF4PpIiF0ZZDlW', 'sad']"
"['36N0wCA0Jn5KrlinaChvig', 'angry']"
"['4yq4vTRl6islnW1N4H952U', 'happy']"
"['4tcHT4RYM3Uu0MMcVQHM2n', 'angry']"
"['3K9Jq47ASqT5ybmGeYKkkS', 'sad']"
"['3J1H7ggoHSUOEDXorAtSqg', 'happy']"
"['1mXRkKVh9dLk20dG8dj7h5', 'relaxed']"
"['14444Fd8ybDY4q0BUpmVHv', 'sad']"
"['36BGk42n6upPWiMCWpBQKL', 'relaxed']"
"['3mdaF0a156iyqssUkuSZuQ', 'angry']"
"['72hcFp4tYkd3dbNA9dZ3Pv', 'happy']"
"['0s6pGOvS0AaqNemE1foyDm', 'relaxed']"
"['1GhvdAbtqwvz6h8oMjZIF9', 'sad']"
"['2vVeFbGTQmp9w25896BDAl', 'happy']"
"['5XMJBKj01EU7asjQCAlYhu', 'relaxed']"
"['38q4d6txAtTKGyCtwaMKHY', 'sad']"
"['33jXZCskHTfXtmBd2EImNy', 'sad']"
"['3Bf7Ya9VwZzAzSSPBVePVV', 'happy']"
"['1jQWzZPMd9P4dbZHs9dKpp', 'happy']"
"['5Z01UMMf7V1o0MzF86s6WJ', 'angry']"
"['0BL8lMIb6TrDsfJSReVGOi', 'sad']"
"['2ItPID4dgSL1t1ZbZCrg5S', 'happy']"
"['11RJswXS6pu0fMsdnjKIA8', 'happy']"
"['5BY0p2EH4EznNZ0MFD9mjt', 'happy']"
"['0lKWoCC96oxf1w8okrhKus', 'happy']"
"['0U316O0uMo9EgxdZkCTdhX', 'relaxed']"
"['25ktoN54bAce9CVmZJk4Qe', 'relaxed']"
"['0iN0npS2K9sXyUFKbEdZW7', 'happy']"
"['3X4qUkEhAvGY3qIlpNh1sl', 'angry']"
"['5J221XVh7Kxg2bC4IWQ19n', 'relaxed']"
"['4WFYHBYhFA6tmCRYKng2MB', 'angry']"
"['3bSnE01X7tezLVR8ppZjvB', 'angry']"
"['00AxXSPBavEKf4hwgX6ZMo', 'angry']"
"['4xNvOGQszKdnH1gGhytLzZ', 'sad']"
"['3rEwGRmPVVudVjqdgv0tRR', 'sad']"
"['0XPuBeH9uAMmwNi0gxIe6r', 'relaxed']"
"['7zrcNlGoGQeiY51cJfHR0u', 'happy']"
"['6U6xqSHPuiOJKLkVw79b7Z', 'happy']"
