3njpLvANriMsdv3dgADEad,0.555,0.639,0.184,-5.16,0.263,angry
1BbocHcTYAu0wCS4NqgRsI,0.537,0.97,0.502,-6.996,0.0585,angry
41AE8ODX2JETBCa6muhSLY,0.726,0.696,0.41,-8.017,0.0333,happy
3n5iUh2Z6P7cnWins22W0F,0.593,0.468,0.597,-11.165,0.0285,relaxed
2N9Cou3s4pxwsKZ9XLt70x,0.632,0.76,0.275,-4.273,0.283,angry
1UHDC8RXrTHwUIINrJ4Cql,0.674,0.523,0.404,-3.659,0.304,sad
3gRjhWNZ10cdaRPRLbzskT,0.505,0.667,0.151,-6.872,0.0303,sad
5esJb63Nbi1LeG0v4NyKTt,0.488,0.615,0.686,-4.377,0.0295,sad
5sN9NYU43a9yFYWhnL2frj,0.3,0.555,0.0784,-5.903,0.194,sad
3wFGRek61NIF330UwJCI52,0.3,0.936,0.756,-5.399,0.0456,angry
6eT08jQH8w5BNfAec85k31,0.625,0.266,0.303,-13.742,0.031,relaxed
4Td5Uuuny9vyXBacIqM2V0,0.521,0.298,0.0532,-10.627,0.0343,sad
1RLWonWtQ3Iwbbzqbp74Uf,0.547,0.688,0.225,-9.994,0.0311,relaxed
4UMTp91LHhvW33ol9ZQH0Q,0.924,0.853,0.67,-1.203,0.0792,happy
4k7Nt93W5UsCHjBQZClKyF,0.674,0.302,0.54,-9.3,0.0953,happy
1QyoSM2Y9PzjkvQ2ULHoiz,0.507,0.928,0.253,-4.464,0.0646,angry
6rlbzljFusv6pqMnf6buHb,0.541,0.82,0.146,-6.195,0.0365,sad
027CxsdaNrn0QQdLGK5To8,0.635,0.488,0.341,-12.792,0.0457,relaxed
3EN4LzHTjEDHt4s5n3Fix5,0.61,0.545,0.324,-7.965,0.0338,relaxed
60ZONP0TRE52A6B4RxUTWZ,0.407,0.47,0.345,-9.421,0.0267,relaxed
1DFqKXOIcd2IqhNFMwWWBR,0.599,0.924,0.413,-5.258,0.0415,relaxed
7LHZ7HA45ezKcdN8sBrBuS,0.309,0.767,0.413,-9.676,0.033,sad
71geaRAZ2M5w08T3kl5Xvs,0.458,0.538,0.521,-8.49,0.0292,relaxed
05mzctclS0ZqqTLEiDIGkt,0.475,0.823,0.881,-11.994,0.029,happy
0OBwxFLu6Yj61s2OagYbgY,0.63,0.788,0.63,-6.7,0.0298,happy
3GCL1PydwsLodcpv0Ll1ch,0.687,0.783,0.443,-4.44,0.0386,happy
3LgNfgXrsIr5ewmrlelU1T,0.53,0.938,0.245,-4.075,0.0412,sad
5wBPIP7z3WN8aweHcF0AcW,0.224,0.991,0.127,-5.073,0.19,angry
3jXrYXeuqmNK7zbF0AukYd,0.313,0.815,0.373,-4.947,0.0408,relaxed
1pB5Y2BPLez1J49KKKewUE,0.495,0.772,0.56,-11.164,0.0535,happy
6pStbAcWY0MndSKyJQl4Lc,0.244,0.85,0.188,-8.274,0.0789,sad
54UFDHWI2q7WHfrGbSNWph,0.31,0.83,0.617,-8.527,0.0482,angry
6sxptembJVty4sNtcPMAVz,0.657,0.639,0.674,-7.527,0.0412,happy
5XFBFdbHSKdQPJNQ4UpAfr,0.667,0.49,0.563,-11.424,0.0292,relaxed
1Mdyqd3IcF2tVkJZovxHvF,0.183,0.983,0.122,-5.024,0.306,angry
6Pztn1vmTohZrFICkaDOEa,0.541,0.984,0.779,-3.174,0.058,angry
5gQ0LTbcX7gpQDg39gNLH8,0.166,0.956,0.238,-5.307,0.145,angry
35ItUJlMtjOQW3SSiTCrrw,0.599,0.762,0.715,-6.887,0.0423,happy
1i6N76fftMZhijOzFQ5ZtL,0.721,0.521,0.942,-8.123,0.0613,angry
5Vm75e7iLljI6VHVFnLhs0,0.582,0.608,0.623,-5.638,0.0268,relaxed
2VHNsY89s3OW8eKA27PZc5,0.591,0.907,0.391,-6.006,0.0379,sad
3gQG7J5VZ2nOJkP76iIHHL,0.19,0.278,0.114,-6.153,0.0295,sad
5EYdTPdJD74r9EVZBztqGG,0.831,0.735,0.97,-6.254,0.0384,happy
2rCpTzi4WhncSCLlS6xf3O,0.265,0.869,0.492,-4.238,0.0592,angry
0ZenWYpn5zoCCv9fZEZUte,0.351,0.835,0.752,-6.001,0.106,happy
1ZR4QAYsiO9zPsGaMPW2OI,0.488,0.976,0.404,-4.165,0.142,angry
1GCaJJ1JoTTlD6SvNTVlqo,0.812,0.546,0.871,-6.271,0.0312,relaxed
6qMgx8ys4MNNxypaIvbG0i,0.43,0.173,0.365,-18.597,0.0321,sad
6xzzm22bl8aHP3cdPPLIrO,0.726,0.449,0.358,-9.038,0.218,relaxed
5jcNL4DreI4z4XnTfsx9SQ,0.554,0.345,0.542,-7.87,0.027,happy
3tAa7azwNATrbRzDspSB2T,0.544,0.945,0.801,-5.693,0.0506,happy
1pK1q6sBrGDUU9pMr3wFO1,0.507,0.522,0.485,-9.523,0.459,happy
4UvwXOGb1J39WUutrlXwTF,0.579,0.729,0.758,-10.418,0.0309,relaxed
4zfOtyoKyu9y27KQphnIXp,0.54,0.634,0.0941,-9.12,0.0282,relaxed
2u3egbFh5LZsiRTFPFi1LC,0.404,0.0819,0.18,-12.345,0.0311,sad
2gLDC8qAQEcuyKfiqyQbme,0.633,0.647,0.422,-6.086,0.0482,relaxed
40GFPBolcy0yucApV9uxq2,0.431,0.626,0.762,-9.46,0.0319,sad
66Yxbr2UODJjVBKdZtbnOL,0.57,0.301,0.808,-16.159,0.0341,happy
0fi1QF49lMHZ0xvzZtYIZJ,0.631,0.101,0.144,-17.499,0.0311,relaxed
22QiTJqDn1BIRSh4mkNJ5w,0.68,0.389,0.68,-13.239,0.0545,relaxed
0oIox8T3bdGZnhQKnaDK2a,0.442,0.906,0.705,-4.429,0.0391,angry
52M96UxJzKkHFSHGNiu8Du,0.285,0.914,0.144,-13.901,0.109,angry
0ypg59NyOVCpWVzd0SUsT5,0.607,0.941,0.414,-6.163,0.0486,sad
59tAS0swoeibMJQzySh6FH,0.715,0.579,0.806,-9.866,0.0289,happy
7rLxzYnPrZ9XnzUTzNnrr1,0.21,0.898,0.421,-4.238,0.109,happy
6Zewjs7at1sPyc03lUoAHB,0.439,0.647,0.567,-5.634,0.0274,relaxed
2wVY3XAbaIK0Kw2fzpuTSN,0.437,0.997,0.0419,-3.95,0.115,angry
6dwhYg12fOFw8aUrnCOOqC,0.82,0.743,0.962,-9.947,0.0412,happy
6YPeTaHZIcocnoBNzZNRbM,0.645,0.753,0.578,-6.47,0.0301,relaxed
18lJrvDbhiENa2L2w3fDAl,0.598,0.503,0.57,-12.99,0.0297,relaxed
5cxnSTLzGD1t9xcdmJYFVB,0.607,0.411,0.412,-7.566,0.0414,sad
2hdy9Wt9qp7M7d0U3ossu2,0.717,0.587,0.544,-7.296,0.0339,happy
52Zr0sinhWTCRrQhRRY4EP,0.802,0.966,0.684,-3.933,0.0424,happy
7vGOHxPXPDEc3YOyihLuPt,0.435,0.869,0.534,-4.545,0.0421,angry
0WkZQPNC0c7yrsMX1arVAd,0.643,0.617,0.881,-5.006,0.0801,happy
2ZVohWP6HSpLeoXGvcQWgh,0.745,0.61,0.897,-9.333,0.309,happy
5ThljNlaUX5zNgNWBmanmG,0.51,0.83,0.483,-4.586,0.0863,angry
667MpE1GknthIzm2zbpHyD,0.479,0.413,0.551,-8.318,0.0369,happy
5qR5b6Coq6srVHsa7vi7a0,0.313,0.733,0.49,-4.849,0.0433,sad
11Q5n9PmpRQbbblwHygugt,0.256,0.831,0.161,-10.269,0.0964,sad
5ecZWU5uQOiCVSnPxBZNmT,0.59,0.903,0.542,-4.478,0.0363,happy
7aJlAYPwkWr4RxIDoohIiG,0.457,0.0184,0.614,-16.955,0.0615,relaxed
15kDeSxTxHd4bahl7YupeX,0.486,0.788,0.657,-8.13,0.0334,sad
5FcH1QdaaYFhI20JbimTni,0.686,0.605,0.859,-11.358,0.0969,relaxed
7FMCSGCHA6hvU3A4NCxEqE,0.664,0.915,0.518,-5.797,0.0335,angry
0Ph6L4l8dYUuXFmb71Ajnd,0.425,0.954,0.933,-3.756,0.0476,happy
2rLAx6mTzaTYd0DborfvV0,0.352,0.808,0.236,-4.907,0.0345,sad
7fdVUpopM88uhovZqqF6Nd,0.675,0.87,0.791,-3.225,0.0583,happy
1ltMHtAQH3o4tO9lIl1PdD,0.359,0.411,0.239,-12.34,0.0505,sad
0CoPoNohPHCjvggWHlxgk5,0.506,0.666,0.595,-6.769,0.07,happy
6s3d8xe76eyHPgD2QYutJQ,0.282,0.977,0.337,-3.723,0.0715,angry
1gw8W2OJ1gswTB7haYnQAG,0.337,0.947,0.135,-6.6,0.105,angry
7mrhHmGgMFApoHmOmciCo2,0.595,0.54,0.465,-10.34,0.026,sad
6Rj32pDjrH6eXdj4KTtqPY,0.607,0.921,0.574,-6.449,0.0447,sad
0Tn8FBEcA2KoptTPK8Iz8o,0.525,0.908,0.622,-6.837,0.0612,happy
3dc0RqQ91QWPMNhUN6MAwB,0.728,0.4,0.379,-13.126,0.0366,relaxed
0TXfAQ5ohVQPzt4Mrr5azG,0.491,0.733,0.791,-11.004,0.0303,sad
0zGLlXbHlrAyBN1x6sY0rb,0.421,0.285,0.402,-9.43,0.0293,relaxed
5DMItYJluCFc7YtFdP4aXo,0.551,0.325,0.496,-13.507,0.0286,sad
0khOdsehmA43KWQm6X1ulM,0.519,0.745,0.244,-6.892,0.0588,sad
2cRdtQt7Iii6y1LzW9cXwe,0.427,0.942,0.708,-3.702,0.205,happy
0yWilny5PJa35jKI93YHMX,0.827,0.776,0.761,-5.407,0.0816,happy
6lBOzYGkoPJz4tte6J4g0N,0.68,0.665,0.817,-13.0,0.0313,happy
2T63BSfZdxYJkJ2dGUHLaj,0.465,0.223,0.486,-12.629,0.0326,sad
5PQhijtKTKgiKiyj8xolWn,0.387,0.997,0.039,-4.022,0.176,angry
0MjerdRVWLtueFEsU7EBA1,0.557,0.675,0.69,-6.682,0.0607,happy
4AwKXevZmsTNa3KZVj3rzl,0.429,0.914,0.685,-9.594,0.0505,angry
08c44mv6lHEfUHlPtVg8Yp,0.329,0.993,0.376,-3.416,0.0983,angry
0no5Y5l86vXBttaUPa9HEs,0.195,0.506,0.0627,-12.423,0.0464,angry
0Aveu2KsriohUafrrerz1F,0.186,0.997,0.107,3.744,0.154,angry
0lsTEAxLB5Q2L2PAoG6Ogt,0.686,0.545,0.611,-8.926,0.0306,relaxed
0wDu7SfZrMdHAhIg6aCuxz,0.489,0.468,0.747,-7.237,0.0562,sad
4WDn0Xw164TxgFC0DHI2A4,0.636,0.723,0.648,-6.453,0.0454,happy
6leusOAUcF7GjBp0SzHsml,0.589,0.654,0.383,-7.901,0.0329,happy
4LvqPHF18hUhjJkueeGvEL,0.618,0.348,0.678,-21.104,0.0342,sad
6QdwofpqDvvNxX88C9A0iQ,0.601,0.643,0.387,-4.581,0.0272,happy
6nz35DNIzbtj5ztpDEcW1j,0.652,0.809,0.512,-5.276,0.17,relaxed
6ewp4089yurchu7SYsa6Lc,0.492,0.965,0.668,-1.778,0.105,happy
0gH7MNXQud3Pvnfv1zk3bL,0.299,0.97,0.154,-6.865,0.157,angry
2b19g6WaqijXOkIfRBkqvJ,0.838,0.822,0.799,-7.951,0.242,angry
789uc4cmxmJmNHbOe69MXf,0.371,0.25,0.17,-11.045,0.042,relaxed
3m0y8qLoznUYi73SUBP8GI,0.788,0.846,0.738,-5.017,0.0372,happy
3P0ZKM0sJiwYl6LWAgU9YF,0.559,0.492,0.143,-8.217,0.0257,sad
2h2FLYLTGP3wKSbZAPrnes,0.566,0.511,0.257,-8.826,0.0614,relaxed
4ufzdKdQ06eUNn9JHtFhqd,0.313,0.123,0.239,-17.077,0.0347,relaxed
0UbOOyLRTds8hgvGcX0fO5,0.537,0.362,0.301,-10.031,0.0314,sad
0brPpOSPYoIlFVBRMS9xuQ,0.536,0.951,0.551,-3.813,0.0805,angry
7bvBOzSYbzUMg9ElqkWQiA,0.486,0.934,0.765,-3.253,0.0701,happy
04aK7VpxLMmLMFyZPkm2AT,0.515,0.755,0.476,-5.543,0.0293,sad
4FzDNGNtmp4d9ktAyzyC48,0.296,0.529,0.458,-6.785,0.0299,happy
7LmG4gBYF7T53JVfgVVFKy,0.695,0.834,0.725,-9.873,0.0315,relaxed
1wsNC96XFdHuk8nDoBCukO,0.61,0.715,0.642,-4.185,0.0755,sad
0Azd88KPJmLqRx5n0H9CJM,0.495,0.377,0.247,-12.201,0.0324,sad
0IwAkElplqXf0Vsk4Vw10E,0.265,0.132,0.035,-13.695,0.0384,sad
2eADspwGh5Ad8tDoJ2bHsR,0.737,0.783,0.687,-7.466,0.078,sad
03buZuYnP6IjQ7B9OaFOmj,0.273,0.382,0.143,-8.167,0.0417,sad
52K4Nl7eVNqUpUeJeWJlwT,0.712,0.911,0.85,-3.866,0.0445,happy
4VRTc5oeHT6Wtz0WzdArGJ,0.565,0.313,0.358,-13.124,0.0283,relaxed
67JG3WZ0ow05lDqcWnCBBc,0.674,0.708,0.214,-9.581,0.0379,relaxed
4pX0g2bpFxG9So1NmSR75Q,0.325,0.382,0.547,-16.302,0.118,sad
7FtRUrOEDUHTvenvp1BqZo,0.32,0.412,0.282,-12.75,0.0316,sad
3L0Q1AuD1kEx1DMO52H9IQ,0.517,0.681,0.323,-6.671,0.0288,relaxed
09ORSynamyltVPUrxJzxkZ,0.442,0.744,0.244,-10.347,0.0574,angry
63HkkLxSefpYzy1kPrcAOy,0.401,0.909,0.797,-3.913,0.0541,happy
1SdXfg8sQWanEyHUYlYqH3,0.275,0.933,0.611,-4.368,0.175,happy
3EUl8M6SzxZl03NPkB8mUd,0.698,0.632,0.458,-6.508,0.0247,sad
1FdalSLwAEFc71MXgmjl8Z,0.453,0.891,0.465,-6.017,0.0416,happy
7bonj8DN94QniEc4XXOW16,0.376,0.638,0.234,-8.817,0.0317,relaxed
3VLCtStwYsAL4LKZgeUvy3,0.519,0.379,0.208,-9.906,0.0279,sad
4rXKKa4u0FlulCb5Na2KVW,0.263,0.41,0.0431,-10.357,0.0366,sad
1KKvumpYrpAW2ugEeKW3LQ,0.695,0.278,0.501,-9.486,0.0274,relaxed
2YtjxB2AchCLWQiBH3Zzfk,0.619,0.567,0.48,-12.872,0.0264,relaxed
0DsMyxW59yojgt0au0wWic,0.35,0.986,0.151,-7.118,0.108,angry
11i1pvngjkGTUOWzLPz9q7,0.392,0.948,0.319,-2.892,0.0805,angry
0XFPXDISKbec6Ff4MdJHjX,0.292,0.156,0.133,-13.549,0.036,relaxed
124Y9LPRCAz3q2OP0iCvcJ,0.654,0.799,0.755,-6.92,0.0501,angry
2Phq7kFebjWp2Gi5ungSWF,0.527,0.224,0.178,-13.27,0.0293,sad
0M3dtTyluL25kckJeceiaX,0.299,0.982,0.43,-3.199,0.0954,angry
4UW5yJcnRrOtHdKOnBds7M,0.568,0.253,0.597,-12.721,0.0316,relaxed
6TaHShmHB955lxcJ92V0gs,0.516,0.646,0.679,-13.029,0.0613,happy
31A3oqQxDLdG9HRx45z62d,0.602,0.684,0.961,-8.021,0.029,happy
2zYzyRzz6pRmhPzyfMEC8s,0.574,0.913,0.423,-4.793,0.133,angry
1bjCNsvQlN6a9lGmrSIlyq,0.402,0.314,0.0384,-14.872,0.0304,relaxed
3tF8QmI7HtceDBUdOuZHr6,0.472,0.79,0.531,-10.912,0.242,sad
0LAfANg75hYiV1IAEP3vY6,0.757,0.957,0.933,-4.617,0.106,happy
6wnmRxEbwUK7WLyUtiRuT7,0.432,0.391,0.744,-14.99,0.242,sad
00klbNctBWN9HFIOqxC8Xl,0.676,0.543,0.543,-9.986,0.027,relaxed
2dAIPA1IY8qI7VPj7OtjFK,0.483,0.725,0.551,-6.764,0.0374,relaxed
544KWiVxKdGSG4LJ1Ph651,0.426,0.828,0.671,-9.244,0.0601,happy
3usYwtFGmBxjLOtUGbGUEh,0.418,0.85,0.524,-4.572,0.0453,relaxed
7FxmsmphMyy09gdqGHeqFC,0.664,0.447,0.539,-8.525,0.0302,happy
6wk4WJZsaiWiI15EhIwqrc,0.529,0.964,0.236,-2.499,0.0426,happy
3dYmruq1HiKJeOQ8h1OEfz,0.745,0.755,0.847,-7.53,0.0318,happy
0HgYF795g0WDD2xKq4RFM2,0.361,0.444,0.6,-13.676,0.0433,sad
1fplcK4BIi4k5hzp2DJ0kt,0.282,0.987,0.377,-3.332,0.126,angry
4X8eI0IxdwyixaeOPOeeGh,0.207,0.344,0.0659,-12.043,0.0324,relaxed
6q3URBXG6Tr9pMU0bOlvrc,0.331,0.775,0.661,-10.71,0.117,angry
3OOORI7nnPIuHNMwwu6Uhy,0.795,0.733,0.737,-8.982,0.0709,happy
1Mt6BsusgJJln2FMyGFLg1,0.48,0.859,0.311,-6.058,0.0409,angry
4MLYH01rrqDifXe06KAkfz,0.655,0.842,0.727,-5.349,0.0264,sad
5w4s2ccJcpiNlajHVGtHDg,0.466,0.965,0.574,-3.115,0.0536,happy
4UtqFgWCzESmaNfBd48TCn,0.627,0.781,0.51,-8.207,0.365,angry
2N89t3IAX0QQQMNREk3dIY,0.331,0.936,0.247,-7.306,0.0677,angry
1J0mCmH4RF4dVcvkLV8h37,0.172,0.21,0.0395,-13.967,0.0393,relaxed
2iEiNnKtDbbRLDGMmtft19,0.476,0.987,0.622,-4.118,0.0875,angry
4gYrJ3JZsvaixzrpT4l6Qw,0.41,0.999,0.146,-1.335,0.162,angry
5eUVhJi5WBxTvI0l7ZDbGn,0.558,0.267,0.212,-10.77,0.0354,relaxed
6uGQKWdjmKvgH1QdDCcM8N,0.767,0.599,0.788,-5.176,0.0404,happy
6o8bpkuFMRS2b25Vui9aDC,0.436,0.881,0.262,-5.998,0.0439,sad
4qVZBA7jWL23SEWOfKFjiw,0.411,0.954,0.54,-5.08,0.113,angry
5dIcC2RTD2BOHTC1F0jrIN,0.696,0.133,0.653,-20.836,0.0387,relaxed
4sGwWTjI3z9qdLzGYUtapA,0.5,0.792,0.13,-7.476,0.0699,sad
6TABWfWzUPUR5mZHjLUsv2,0.177,0.803,0.138,-9.858,0.133,sad
1myKbSaPIJMLpKfXoQGDiF,0.18,0.803,0.145,-5.828,0.069,sad
68V9RjhHeMGQKzVuBIQTks,0.507,0.867,0.334,-4.379,0.0483,sad
7hU0ZQFx21ACgr7VfN77eZ,0.869,0.751,0.586,-4.92,0.0359,happy
17McxlXGcV5cew3o0fFgSh,0.758,0.685,0.935,-9.902,0.0341,sad
4Ige2bxif1581VlYOcbTfv,0.328,0.177,0.353,-17.45,0.075,relaxed
2ymeOsYijJz09LfKw3yM2x,0.649,0.679,0.971,-12.515,0.0316,happy
0s46SltT4On0Z6kglK1I5c,0.8,0.922,0.801,-5.125,0.24,happy
3PymNAkWROfyEVeYq6XtjD,0.584,0.0863,0.46,-15.537,0.0403,sad
79nOKa4cC3oMkzJT2kL0Jk,0.573,0.62,0.816,-10.866,0.0289,happy
1NztqYNINrAChx8XESTNwn,0.248,0.997,0.068,-4.578,0.194,angry
512No5uXtXbhNh7OOz03pF,0.611,0.702,0.302,-12.966,0.0411,angry
0pzjcWYkyynxhONSm5C8Cu,0.614,0.663,0.823,-9.965,0.0352,happy
4TJzAQN4lSRLMafylE0c4a,0.491,0.685,0.193,-5.07,0.0369,angry
6TY7PwR802iGiPV6QUtWY9,0.396,0.943,0.421,-10.912,0.0735,angry
4wTzOQlh77gNmhFxdei7Tu,0.941,0.63,0.935,-4.14,0.0504,happy
4qw2iLcVhB3rFFMdTFLtwW,0.524,0.98,0.396,-3.329,0.0846,angry
1bw2woPnnaR3KU05MsVsWx,0.31,0.969,0.564,-3.881,0.163,angry
760420tYNmNjFgi8bWvbop,0.81,0.526,0.811,-9.627,0.0991,relaxed
1ZCOXNe0jCdKYO5xQMhLpy,0.457,0.805,0.159,-7.147,0.056,angry
6Uq5Vi8UmZGzGIicjkkz64,0.863,0.907,0.807,-4.146,0.189,angry
2hRz8zDeu7Y6zeAMPXfHy9,0.41,0.0379,0.104,-25.091,0.0366,sad
70Gyr3J0em5JccIffFkBDw,0.727,0.479,0.581,-7.536,0.0246,relaxed
0xAhbD6lCf5re1RXl5yiTm,0.609,0.611,0.916,-9.208,0.0298,happy
3Te8MI4C2zTF5CWi6IdahI,0.634,0.333,0.885,-9.383,0.071,happy
6fdsVNH7448SqrwqWkJ1mI,0.599,0.188,0.434,-9.964,0.0401,happy
67ZszWmBE8Vm8S8c15yljf,0.592,0.639,0.351,-8.418,0.0887,sad
0Eos5D7dZMxV5zcuFfzlqp,0.558,0.673,0.826,-6.858,0.0523,happy
7MC3mtXXvxxEL8IxrMXmcs,0.246,0.178,0.244,-9.741,0.035,sad
61YRU6f29zObMJs2gEFM4B,0.216,0.44,0.0713,-8.766,0.055,angry
1QlIB0pkLKR8vEDSW7r42t,0.623,0.797,0.802,-10.826,0.0509,relaxed
2V7AlCtwsvWaondWeo1hvm,0.689,0.419,0.529,-12.625,0.0369,relaxed
05fBPztfk8kjaRXXx58fvm,0.568,0.94,0.349,-6.089,0.203,happy
48LYcLfuBtTfKD6DLlyOyj,0.409,0.525,0.223,-7.745,0.0411,sad
3tky3v47OmGrk5NGazSuOC,0.781,0.816,0.781,-10.697,0.0761,happy
5VANqRRzSEkEuAi4oO9yag,0.207,0.863,0.47,-5.379,0.102,angry
3HrNkxybHgl7QqAvUDgFJ8,0.536,0.883,0.69,-2.83,0.096,happy
3FEzY2dIAYJjBvTRaUB3si,0.698,0.703,0.801,-12.327,0.0372,relaxed
4iW98ZK1gNzcXmQ5TgTD9X,0.435,0.929,0.65,-7.7,0.235,happy
5e2KiJXyu2o0sucvwNnDqz,0.649,0.445,0.489,-13.292,0.03,relaxed
6lvJDlBrtabJWiBlMTGxKs,0.5,0.47,0.0766,-9.995,0.0395,angry
0FTiNyzrfZKCe56oSajsVm,0.609,0.464,0.786,-8.772,0.0627,relaxed
4HrOXQWurVlu8QcKkwJZHN,0.616,0.454,0.298,-10.255,0.034,relaxed
4dBZKtBAEv1oMrZub2UUgM,0.514,0.597,0.26,-7.23,0.0288,sad
2HvCL8hgJoHrrGAZEjQ3mM,0.644,0.946,0.53,-6.674,0.406,angry
0dco6ZSO8vnL2fHRi10XSY,0.164,0.239,0.0378,-11.075,0.0304,sad
6IC6VhpV7D8T1t037Atqpu,0.664,0.706,0.681,-7.045,0.027,happy
6060B2ritHcstUzSG249dP,0.501,0.0466,0.133,-16.002,0.0453,sad
65PHNP3b6lwj74BCJolqJi,0.496,0.838,0.527,-6.254,0.0316,sad
0XDv7SLyMkGcAnb12fMHa1,0.68,0.665,0.862,-11.886,0.0355,angry
2KeNSHFAoULjXHjE5cMJE5,0.235,0.593,0.145,-14.003,0.0506,sad
57SZDmQZGWSRApYq2XP6uO,0.302,0.0456,0.221,-21.608,0.0338,relaxed
4OjqnBdTXfkObStepIo0qh,0.356,0.426,0.0903,-8.715,0.0347,sad
2AAcMSNag4hEVsdbo3nMZg,0.634,0.412,0.459,-11.902,0.0297,relaxed
5pRg4rxlWQS2J9cpmISPL0,0.697,0.795,0.947,-5.397,0.127,happy
10kh9WpO4XlJWhJKfW4I7t,0.76,0.597,0.744,-9.479,0.0355,relaxed
3iyIyLjINbTV1Xzh8ef0sJ,0.361,0.901,0.481,-4.133,0.0443,happy
0ZuIstS2vy1OxfHfEnsXv3,0.519,0.215,0.11,-11.627,0.0334,sad
6Esd3vqNMK7fbwx7foKtz7,0.668,0.0199,0.0414,-23.489,0.441,sad
3Z4kf3flcP9EvXlvlPwaCL,0.397,0.915,0.621,-6.452,0.0683,happy
6TQ3JV6SvNytGEJLxNHN8t,0.502,0.905,0.655,-5.054,0.0422,sad
1GBne69tjYyka9cTg4vPol,0.36,0.748,0.33,-6.637,0.0421,sad
0uOskbuGVd6E4IJqOpp5nd,0.229,0.297,0.0367,-13.249,0.0404,relaxed
5wFdcY9O6cEn1PL6V3AEmu,0.786,0.46,0.861,-10.701,0.0303,relaxed
7wyVuNCEr1j8NfG1vwMXZp,0.356,0.961,0.267,-8.787,0.127,angry
2oO0aXcXFS3yhCBB83q8yE,0.563,0.601,0.0859,-8.116,0.0257,relaxed
6naxalmIoLFWR0siv8dnQQ,0.751,0.834,0.894,-5.444,0.0437,happy
0LzrhCZFXW94Y8nwtTuRlw,0.926,0.916,0.904,-2.221,0.0929,happy
0tURbnatc9qCxlYpXuPK8I,0.561,0.447,0.729,-11.389,0.0544,relaxed
1twgA3XKowDHnLVIjI4hVb,0.444,0.63,0.571,-6.561,0.0629,happy
1ivJ1VGhFOYNHgD4HtytvB,0.544,0.809,0.232,-5.466,0.0316,relaxed
4YCnTYbq3oL1Lqpyxg33CU,0.571,0.618,0.852,-5.682,0.0371,happy
1F4eFYBfsN6DLvhDR13KIY,0.679,0.792,0.694,-6.572,0.377,happy
0prBFY9tDgh3oEBRNXY05n,0.302,0.819,0.405,-6.736,0.0497,sad
35zDO7WkyvNPIdJmYeIq9z,0.431,0.566,0.148,-7.244,0.0281,relaxed
168sYt0Dnp8BEtIMwUDKUN,0.778,0.627,0.471,-5.19,0.0692,happy
3Hu8fK7OVSNYGE5tXxye1L,0.434,0.991,0.149,-3.758,0.14,angry
0tYPj0NYa7vjlJaqlRSnJb,0.792,0.589,0.778,-6.869,0.262,happy
6me1hcN1gDrlXAHTHZ4PFE,0.457,0.457,0.16,-5.093,0.0304,relaxed
72uS4v9EdiXZeascM5RTl7,0.851,0.923,0.829,-5.159,0.105,happy
1GeECVH4Msg1zLm8DExkbH,0.961,0.9,0.95,-6.874,0.0678,happy
79TTAh1HMDlTAvLD2d02fE,0.59,0.868,0.848,-4.672,0.0754,happy
2k6hpKTyubRVOmQR11ViY3,0.499,0.637,0.103,-9.035,0.0401,relaxed
2A8DajiEXuWdBan4shqvLw,0.403,0.168,0.115,-19.462,0.0364,relaxed
4vJr55lngvhSM8WIh9CjQc,0.274,0.726,0.426,-11.541,0.0449,angry
1VTVNIlEDhl0eG5jJrYRTo,0.401,0.981,0.51,-5.714,0.127,happy
6ttOR8tpvZFmQXuWLY46TP,0.286,0.944,0.271,-5.45,0.133,sad
467TaQhUCDl3H27aE2zaio,0.511,0.94,0.366,-4.173,0.0801,angry
7snQQk1zcKl8gZ92AnueZW,0.446,0.952,0.624,-5.321,0.0523,happy
5fFpjmdr07PXjlwQLhz8xf,0.568,0.604,0.416,-13.473,0.234,angry
4uC7IrfS1oQuRCVzqj1EJV,0.579,0.0858,0.341,-21.308,0.0401,relaxed
3hUTwUiS7H79Po2hnErd8H,0.293,0.95,0.331,-4.899,0.122,angry
2AQA7DsO3YcSxZ5vg1cCoi,0.225,0.384,0.0928,-8.199,0.0335,relaxed
4snp3oSET37A4cdpjHD0bq,0.47,0.644,0.421,-6.774,0.0361,sad
4TOZ8TuZQRMEgJjNsgewg2,0.405,0.996,0.182,-2.114,0.231,angry
6Zo3QapMvKMceJPHTHNs19,0.696,0.58,0.494,-7.15,0.0392,angry
5qaxeIJLARExwa34d9TuYp,0.803,0.901,0.837,-4.192,0.0625,happy
4NS9X69Qct0IObCiHcWTex,0.609,0.858,0.882,-9.093,0.0621,angry
705z6CMUlCuVVbwVGiMT95,0.305,0.0289,0.0643,-24.559,0.041,sad
74HYrIbnpc2xKCTenv5qKM,0.643,0.535,0.564,-6.795,0.0941,relaxed
7N1Vjtzr1lmmCW9iasQ8YO,0.813,0.703,0.241,-5.077,0.268,angry
5Wt2UAS92w2ZyDqX2dOEBg,0.903,0.785,0.965,-6.285,0.309,angry
0Vcpo9El50PNNbZXfKbNti,0.539,0.982,0.145,-4.495,0.0592,angry
46aZJc0z1HHHSFxaIRxYSP,0.801,0.674,0.875,-4.185,0.0311,angry
60YSrrQDF4AEJUM9NRSqmK,0.692,0.838,0.448,-7.744,0.188,angry
7114JMdpaHhNEOlIY0Ljze,0.796,0.408,0.688,-12.268,0.231,relaxed
2lLafy6AH8wKKTi3q6azCP,0.435,0.789,0.805,-5.379,0.0327,relaxed
3dOOB00372mFALtaaIyg0C,0.879,0.699,0.385,-6.894,0.0412,happy
7s9lVgi9Hxt1vbfndtJIYG,0.579,0.333,0.485,-12.83,0.0306,relaxed
5v3TSHYm8BzbON2u6QBEG7,0.295,0.545,0.438,-9.214,0.0442,sad
678Fh7cIfN1sLqxsj5sc2G,0.403,0.891,0.427,-8.907,0.139,angry
2jZe7EcHmEtapkAh05ZEdS,0.324,0.628,0.427,-6.199,0.0746,happy
2c7AnyxXkbemyTEpzprQVx,0.59,0.474,0.235,-9.428,0.0323,relaxed
6KH0CoTjET1ntAGnOIkMzf,0.721,0.832,0.965,-6.709,0.0772,happy
4h2A83ESZ3kz48i8O4clIO,0.575,0.939,0.736,-4.74,0.0394,happy
16FkMQeRPTH1ZotvfdzUhf,0.246,0.869,0.295,-1.756,0.063,sad
3YBTxokhuaszeWCOXC7FQn,0.444,0.409,0.544,-11.623,0.0283,sad
6hIroseB9TaxU9a5lhO4sD,0.267,0.957,0.141,-7.754,0.0812,angry
68rqXl8LTdwEd2u0QMkWvi,0.824,0.687,0.717,-4.44,0.0371,happy
6tdD6QVskcgbC6KaB5PASc,0.755,0.877,0.92,-10.235,0.0525,happy
1YTuMc934yzN1PKjSIaspV,0.739,0.669,0.857,-3.989,0.0384,happy
6LzZ1ipLLqDhi15FMjadwa,0.144,0.994,0.0391,-3.437,0.11,angry
3KmNFfvM2EyGdNPwDDJCp7,0.38,0.727,0.115,-7.397,0.0376,sad
7C0PzxbsQx59DgGVRsquwJ,0.443,0.96,0.533,-5.481,0.0661,angry
0W9f3lY38EJj0Yw6auA6Vv,0.555,0.386,0.358,-9.214,0.0357,relaxed
0XiivUyimrmkUyJkKiILPW,0.414,0.988,0.489,-3.703,0.0786,angry
7bzzC7QIfflM9eEj2aqaYX,0.533,0.426,0.274,-8.505,0.0273,relaxed
3Hl5UjXyGKjI75khqziYCn,0.688,0.848,0.722,-7.176,0.0399,relaxed
4AHTD3HPXgv7AuTCpEhZ4K,0.509,0.328,0.284,-9.993,0.0276,sad
0Tk3TlKSOdzr0zfPz6hhUp,0.464,0.381,0.0739,-14.058,0.0358,sad
2RRFTLIglxHgAYQzsSLI4Y,0.761,0.516,0.562,-10.229,0.044,sad
5xABQiiRBuVWsL9zamoj1G,0.323,0.982,0.48,-1.459,0.0869,angry
4rA3vrrPjc5hFXzhfXjCEM,0.703,0.199,0.555,-18.339,0.0359,sad
57TaM8GozkJBz90xvQ1xME,0.566,0.585,0.75,-7.532,0.032,relaxed
3jagGO7eHHuaD53ibehkux,0.364,0.935,0.478,-6.548,0.0724,angry
0Fv6CfegUbD5Egs0dj8CVB,0.845,0.682,0.813,-6.245,0.339,happy
6H7nDglS6xWpRidbhMwI2L,0.585,0.511,0.552,-9.37,0.0391,happy
5Tk35cpxONPpB2gXpZ7ATZ,0.813,0.529,0.598,-8.094,0.0531,relaxed
2OuNnwnNQyWrF47pthWxNb,0.133,0.927,0.5,-5.371,0.0741,angry
6qmWUrLqtHXy7C2UBDEDQh,0.423,0.885,0.628,-4.003,0.0481,relaxed
47MLKnVQpYNzHQps6EfULG,0.499,0.505,0.598,-8.73,0.032,relaxed
5YZVXowzVCHUk5Cp0H48fk,0.592,0.926,0.0964,-8.016,0.094,angry
0LSLM0zuWRkEYemF7JcfEE,0.812,0.516,0.633,-6.963,0.224,happy
0jVDUBHY2SziMS3MwhKBpJ,0.165,0.0483,0.0685,-23.188,0.0408,relaxed
4ZD6SiaJi75smnel0d7jl3,0.49,0.852,0.663,-7.192,0.0502,happy
3KmaAbepfIVA6VYFIUhRLe,0.646,0.603,0.94,-10.927,0.0661,happy
6QJkYv3Cgr04n5vCBz2lrF,0.363,0.92,0.21,-4.981,0.0712,angry
6H6jikiotP4Ygv5oxPGPDW,0.356,0.987,0.412,-3.231,0.0984,angry
19MMMKq4LzbTvhOMYccIRd,0.487,0.491,0.435,-12.063,0.0279,relaxed
6QmDfZSMrissIiFADcmGGf,0.287,0.199,0.217,-11.414,0.0326,relaxed
2uWMj52ImAeeGQFJmVlU5H,0.796,0.542,0.855,-6.751,0.302,relaxed
1Y5B1vvFDia8MtyM16UgnN,0.6,0.317,0.367,-13.705,0.0293,relaxed
4WNegjB8eSeJsxhmEWiBQQ,0.358,0.911,0.599,-4.123,0.0519,happy
7n00odRuVpmiBWUZoU2dL6,0.395,0.693,0.159,-4.517,0.0263,sad
1HluMJo2qbaI9Dkt6ftiCK,0.428,0.974,0.249,-4.512,0.0773,happy
1mw5MkaBQwKfz4ecH9IW7D,0.339,0.259,0.257,-20.361,0.031,sad
2vYatwobnDHofqnbnpWgbQ,0.606,0.608,0.537,-8.465,0.0256,sad
04RAcppX0YjUqDYWy4nAix,0.379,0.0638,0.265,-16.699,0.0346,sad
73SsX4CUXflgE4AupsB6Fr,0.806,0.847,0.832,-1.788,0.317,angry
0iA3xXSkSCiJywKyo1UKjQ,0.623,0.709,0.948,-9.818,0.0636,happy
3bYrxDub4IJVA0g0FAbiYd,0.839,0.399,0.437,-11.916,0.55,angry
3Mzqw2mz9YMKjjCEmypYfZ,0.857,0.721,0.594,-12.702,0.341,angry
6X1D6qbVmK48uoOD9nIvVV,0.821,0.365,0.85,-12.118,0.0676,happy
0mZNKyrUmsrlDRoYHWsyMu,0.672,0.897,0.777,-4.92,0.0541,happy
49bDIpHDL6rjqemVbFHry5,0.848,0.691,0.922,-6.775,0.093,angry
6RL4yr3zt4CIbcz9ZZQ8iA,0.572,0.927,0.708,-3.287,0.0443,happy
2V473qE28Ky0ixp2qc7dgz,0.331,0.138,0.164,-16.629,0.0345,relaxed
3LrupU93bwJXC26eRzkWIc,0.418,0.877,0.778,-4.673,0.0453,happy
3JVhEJdWiaWepTAVWGYqD5,0.316,0.174,0.305,-12.431,0.0307,relaxed
0PY2Wl0QwfB5Iuto6FBLfH,0.811,0.635,0.836,-6.465,0.0298,relaxed
5Cg9aQIEM2exLNBPupf6V4,0.53,0.781,0.728,-4.532,0.0326,relaxed
3fzk6O2HS8bKAFAXpH9stR,0.31,0.978,0.114,-6.09,0.131,angry
033N3Mf87ODmORg6YO61cm,0.801,0.714,0.496,-10.649,0.381,happy
2lCBcps3vL2smlpO13g0to,0.347,0.0789,0.164,-18.28,0.0366,relaxed
27L8sESb3KR79asDUBu8nW,0.774,0.75,0.927,-4.927,0.0412,happy
29002jpB0oFhkxzbL7rW8e,0.718,0.895,0.856,-6.718,0.0324,happy
2HlKSufhcnPDZAS1S7jLg6,0.753,0.779,0.62,-12.666,0.251,angry
5JIQFjb6QwuKMhip2VW0QD,0.783,0.909,0.51,-5.992,0.345,angry
3PIZLOw5ZUkANySOvfCQkv,0.525,0.384,0.157,-9.721,0.0379,sad
2LrkTTC29VD8HLqulQVO3P,0.478,0.816,0.542,-6.333,0.202,happy
1AvrWYdBAIAN5Su7wEw6C6,0.428,0.586,0.25,-5.778,0.0321,sad
5X5wkmwPA1rQwtBdh2SNTv,0.366,0.848,0.162,-10.575,0.157,angry
0Lswx5g3ReMvgXhXbsgp5t,0.494,0.353,0.185,-9.202,0.0274,sad
0FFu40edk0VCjrsfLWZjcO,0.567,0.791,0.367,-8.39,0.0651,sad
5ajp3TnB69Nr8dJlbOj5LE,0.52,0.443,0.333,-8.413,0.0328,sad
6HlFxHQ5nn6HYGxOOYIrLm,0.593,0.933,0.497,-4.894,0.119,angry
4f8hBeMXMvssn6HtFAtblo,0.654,0.452,0.691,-9.709,0.03,relaxed
0fgeMBoicPh1ZiXkJVCi5E,0.243,0.997,0.0555,-1.64,0.192,angry
2zETdkc5Wm23NLHEWDillV,0.338,0.974,0.398,-7.43,0.14,angry
69dDr3w8IIcOGKwlW5XntT,0.582,0.232,0.238,-11.693,0.0451,relaxed
1yrquRdZk965GKv2kDHGpL,0.508,0.924,0.18,-5.016,0.0427,sad
5Ts1DYOuouQLgzTaisxWYh,0.568,0.824,0.753,-4.613,0.0299,happy
61OSUGkJO6SVu7SZFT4wq4,0.578,0.811,0.533,-4.448,0.0448,sad
7bSC1LGg4kB0oltSx2E2eA,0.297,0.925,0.135,-8.066,0.0706,angry
2Xh7dyCHCErCv3PmdVEGw4,0.834,0.823,0.763,-4.918,0.114,happy
46U7SVM5rsLs7EZaCczHHp,0.238,0.947,0.189,-3.448,0.12,angry
0OAfv038kxh9xLGjJ7fRLi,0.627,0.641,0.712,-10.283,0.0299,sad
0YJO6ZLARJuHv4zr9F1boy,0.439,0.671,0.317,-7.731,0.0351,sad
6Zbv79YWB0iZSXwIwEsIOP,0.416,0.883,0.788,-6.031,0.15,angry
3ci1aGelb4y8BxI5abOwCH,0.29,0.998,0.0368,-3.716,0.148,angry
5ahPl557niKxia8Kquw1yh,0.478,0.886,0.488,-4.642,0.0354,angry
5TKz8J4Noz4nZSFIOpHpMm,0.602,0.733,0.945,-12.651,0.0992,happy
5xFqDS7kANSCyzne6yqjIV,0.199,0.903,0.207,-7.997,0.0991,angry
1zEWet6TeWLmKJ96nyyXHU,0.707,0.633,0.596,-6.553,0.0309,happy
7L3KZewp6PJjUpRLlWtrQR,0.553,0.841,0.926,-8.74,0.0418,happy
4wMZXHd1NGlxqJexmXF9ge,0.597,0.921,0.96,-3.57,0.0599,happy
4xOTVtbCPcfxMs2hSt9D6i,0.925,0.388,0.359,-10.508,0.419,angry
5W8YXBz9MTIDyrpYaCg2Ky,0.589,0.89,0.692,-3.719,0.0603,angry
1W1tZklFWphskyEek3cPdI,0.387,0.429,0.567,-10.202,0.0396,relaxed
5iyE2d4U3Vc5cqY9mPTlpy,0.859,0.681,0.852,-6.247,0.0549,happy
0JXXm3RqxU8EKzX4P8M0n3,0.661,0.847,0.71,-11.855,0.0349,happy
3gYpsnUoDr1XJLw7f4EpZT,0.357,0.98,0.275,-4.007,0.14,angry
532CXZ5NJFjhyQaRJkM86u,0.198,0.956,0.216,-5.339,0.064,sad
59WN2psjkt1tyaxjspN8fp,0.466,0.833,0.661,-4.215,0.304,angry
6fpaLxz4zYgxTWzioHfxSJ,0.598,0.19,0.24,-12.641,0.228,relaxed
4lmQjE7oyemSZtaKTxz2Lk,0.618,0.784,0.748,-5.07,0.0294,happy
0Uoq6VHUFUFPDuXuNaR6bn,0.589,0.315,0.472,-11.885,0.0288,relaxed
1hpT3nPkBGXysyp0k12VKq,0.535,0.856,0.611,-4.852,0.292,happy
1eFcrfI3cBZmhgzMTZeb5r,0.777,0.884,0.962,-4.356,0.0323,happy
3BJGwjQUlDPWzQeH3UA18C,0.761,0.917,0.892,-4.073,0.0391,happy
2c72qfxXOJUlPoJimDcI20,0.526,0.456,0.181,-12.604,0.0325,relaxed
7112jBwas0Y7S4kupp9Wf9,0.387,0.731,0.775,-6.805,0.0476,relaxed
1L0rReDmm7sIYyHOdQlDIY,0.37,0.147,0.199,-12.661,0.0314,relaxed
104YdibC7VQy78xAVmgRYr,0.771,0.515,0.343,-10.456,0.0499,angry
6qDyXGQlFnHlOKTjIw4AFv,0.495,0.395,0.461,-11.111,0.0343,relaxed
1EvG6DImPvp3pfPAgWzzGa,0.552,0.244,0.0461,-16.335,0.0379,relaxed
3K1I4gBtggUMx9360SkT9w,0.528,0.0702,0.265,-22.222,0.0406,sad
6ZAuCrqQWJUgSh4Ttdwlob,0.254,0.556,0.219,-10.566,0.0297,sad
47xc25mjgiHcnfe8SXy3ti,0.263,0.902,0.165,-4.327,0.0569,angry
3I6IRm7EjPea5vZKAnl4j4,0.605,0.91,0.801,-3.756,0.0369,happy
1RvZbbah1iFUsQe68M8O0Y,0.708,0.524,0.913,-10.702,0.0327,sad
479QHOD8oEeB2gCzB4kdQ9,0.491,0.966,0.938,-2.705,0.043,happy
4liCRbkMKuBHFq4pi8ZY2i,0.32,0.982,0.111,-4.358,0.159,angry
2Bcvh4zypRuH0cCTQzuV6B,0.498,0.901,0.392,-3.7,0.0485,angry
36gQBgUJjbRbrMTyQUNl56,0.189,0.977,0.164,-4.92,0.377,angry
6xOZCV4EPCupXwvqajSKzq,0.541,0.943,0.779,-4.27,0.0551,happy
72WzLBoSQggMZ0S5hm95VH,0.431,0.618,0.325,-9.404,0.0266,sad
3Enw80l6o1fUYaFSaCQfS8,0.296,0.906,0.275,-4.342,0.0521,sad
5iV7MYBfzSIPLeP3nzNQYp,0.114,0.959,0.0688,-6.676,0.158,angry
7G8mFR98lc1YvQFWukfKNE,0.617,0.826,0.94,-3.002,0.0297,happy
2ZPOHNME2LRuumFiTMVCeC,0.729,0.529,0.272,-7.944,0.0263,relaxed
0T4oSuMnLfKBjIDc8qxxMH,0.457,0.697,0.568,-3.928,0.0361,happy
0NnHjd4N4JFVbJAjyKwrfG,0.588,0.395,0.345,-13.314,0.0326,relaxed
1YclHhJW1ZQAUea6vqHDR2,0.529,0.544,0.0397,-8.237,0.0256,sad
3ajRl5fAGl1HksMU4XySBc,0.411,0.417,0.148,-14.341,0.0285,relaxed
4AWMQ4pKtZ3pg7VoLfXhRl,0.846,0.575,0.608,-7.221,0.289,angry
4GKVuy4GRqRID0qUutva3k,0.351,0.445,0.0397,-7.19,0.0277,relaxed
7BuzJmV2h6eBbSDdRaDY7C,0.454,0.778,0.704,-4.225,0.0449,happy
3fWWWWj2JvaQ7YF6KIoOWN,0.563,0.958,0.81,-3.036,0.0419,happy
3B0GXJ8ssdSk4PFlOsTbQd,0.408,0.772,0.165,-8.973,0.0395,sad
0JbBu9CZ6nlbcFW6nM872m,0.515,0.46,0.415,-9.241,0.293,happy
1nFBV1fHblpB7NxqEJmv7I,0.464,0.17,0.105,-12.594,0.0326,relaxed
7CpXFEjLntpr4GdOhTtFEv,0.756,0.916,0.458,-2.692,0.207,angry
6FXjVsmKPW93LXRFYhfmmw,0.745,0.894,0.971,-4.811,0.0376,happy
17roC1P0akCIgTEUMarJuh,0.713,0.503,0.483,-9.799,0.0271,relaxed
7m8leIR2d0XtLWm1lPXaKu,0.221,0.991,0.164,-4.509,0.268,angry
3yjbzGRfkULIWrpVbLttuX,0.379,0.37,0.194,-10.669,0.0357,sad
0GxqCJ9d3aNAc6UROiV7os,0.381,0.0787,0.178,-21.215,0.0348,relaxed
74v1pkfsUkCpawESagwpdb,0.472,0.46,0.375,-9.715,0.0314,sad
3NoOwvxhI2yMYknxqnFUVx,0.401,0.907,0.317,-11.422,0.0679,angry
5yvnuEZmDBNH4uEhqdayCS,0.375,0.536,0.807,-6.648,0.0275,sad
52VnbCW97efS5ycFHiw15f,0.418,0.578,0.64,-8.402,0.0287,relaxed
1UJNbgfTzG1gZZTWFJdMf1,0.705,0.751,0.819,-4.767,0.287,happy
0l1Pp67JljnHBeNYzffPkf,0.18,0.142,0.118,-21.974,0.0402,relaxed
2LYeYswIAzNtmxO0X4OviQ,0.506,0.292,0.606,-9.111,0.0756,happy
0bObvbw2v3pAiGM1F21vnH,0.493,0.898,0.192,-3.244,0.0329,angry
7G83ZwD2msTtFaBQExc8QB,0.358,0.804,0.625,-8.534,0.302,angry
4Z9R2haJASztRkUgh1Cgai,0.659,0.683,0.518,-7.33,0.0693,happy
05uDoA9W1y2zz7A1Rh55tN,0.51,0.936,0.365,-3.6,0.0549,angry
3UBItNVbFQiVC5hBQlBvnr,0.815,0.605,0.795,-9.118,0.0368,happy
0u1HWtNuJMtzCk6ji6PKLD,0.497,0.795,0.083,-9.114,0.0428,relaxed
59FwEQpuagQZQVP71h9OIq,0.511,0.867,0.0722,-7.411,0.049,angry
1es8ze3yvUplQRN98gf9cQ,0.468,0.857,0.354,-9.411,0.094,angry
6LoqqcFSgBxOLTRzvfjZrj,0.722,0.683,0.712,-5.674,0.0297,happy
02Etn5AhrRkEOzvBGFKAk3,0.154,0.174,0.0978,-16.031,0.037,sad
5VTckb8MCKolqj8dIPi8KB,0.588,0.419,0.477,-8.115,0.0243,sad
6hoj2fpD27ELoVe2aK4fom,0.644,0.819,0.904,-7.225,0.0969,happy
6pMtdOSLOtTtd7fmtqeqGg,0.527,0.467,0.123,-11.008,0.0299,relaxed
4kI8yW5Jg83WHD4wnRiLtG,0.69,0.753,0.325,-6.765,0.0277,sad
3t3cv2Vb8XzjipocvYP22U,0.601,0.89,0.688,-4.824,0.0965,angry
6RGV97HIkgZJjme2dzilfg,0.412,0.839,0.37,-4.543,0.0369,sad
5zsePddkJkLpwUzP4YBGMK,0.614,0.901,0.636,-4.906,0.0666,happy
5MELO3GLE0jUFDwnm6tBn7,0.505,0.87,0.643,-7.174,0.0554,angry
5ZBeML7Lf3FMEVviTyvi8l,0.482,0.849,0.937,-9.198,0.0452,happy
2F4FNcz68howQWD4zaGJSi,0.321,0.474,0.804,-9.383,0.0348,happy
2VFjUd6M9Ka7STuuCrMCcz,0.353,0.388,0.19,-7.091,0.0366,relaxed
76aUexA11Kh7KUt86xQM4l,0.563,0.507,0.0847,-6.59,0.0265,sad
42Gf2WCxCBYJoOLNIdVL8z,0.238,0.991,0.103,-3.273,0.192,angry
4QUSYhWEXCbXCuXIth0I5k,0.385,0.662,0.0502,-7.393,0.0326,sad
086YwJQkdTiNqguJr05TG5,0.421,0.877,0.268,-5.801,0.0487,sad
39NOkGtkxUsTlJPelo8Doq,0.257,0.237,0.0399,-12.199,0.031,relaxed
5wa2hZB7RPTiXuapfogEbU,0.158,0.541,0.258,-11.701,0.0411,sad
3FPTihoOtQKiIFWulTXfcz,0.59,0.941,0.588,-2.954,0.0891,happy
6tetorrFfVEwugqcgfwEm1,0.83,0.739,0.962,-10.051,0.0692,happy
7madezf2VotLIT7G6XDql1,0.895,0.917,0.911,-1.243,0.346,angry
6bZxJ5ZlC3piFgteNgeWSo,0.727,0.533,0.223,-7.361,0.0383,happy
1Ulh5rWbhhV3PltDadTBZC,0.693,0.0681,0.599,-19.554,0.0433,sad
3AbDtRIM5VXi1QjSghBfBF,0.289,0.674,0.211,-8.192,0.0509,sad
1FLEVJaXv8vZwunzQZSHLK,0.631,0.623,0.557,-8.658,0.048,sad
5piPHieFIgwZjWGwLtIax0,0.212,0.973,0.112,-5.307,0.322,angry
1PENRhwhQ1gihMdBrq4Ilx,0.371,0.386,0.39,-10.259,0.027,sad
6JH9yWhgbm0y9iAJhCslNc,0.704,0.571,0.524,-7.136,0.0969,angry
4Lxn1JlGJwmmXpODrNvPA6,0.585,0.907,0.573,-4.787,0.102,angry
1sDbvdJdkJ2lt0ZGbjtShA,0.461,0.845,0.197,-10.962,0.0731,angry
6pmuu4qSz2WrtGkBjUfyuz,0.61,0.819,0.454,-8.323,0.0666,happy
24vNw0Z0srb4zYXwrakw8E,0.826,0.566,0.655,-10.747,0.311,angry
2XHG1C3ksw9EAclBFDYZ2M,0.285,0.93,0.0341,-7.939,0.0752,angry
5bmpxtGuYdEPZkQFE6gyVg,0.153,0.259,0.0513,-10.946,0.0367,relaxed
1UwqBuo4gLWhXOjLu4hukb,0.928,0.306,0.455,-11.72,0.0465,happy
5fPiWCdaoQHFTWWyrKB4CH,0.568,0.966,0.282,-4.896,0.0579,angry
6dfePSn2iCz6QauSJN7lWR,0.283,0.149,0.0873,-17.715,0.0428,relaxed
4IQY0TThr7YebYWf2X07xC,0.279,0.889,0.495,-6.495,0.0459,angry
71kDpNoFnT9bJjaM0pfQl3,0.442,0.357,0.324,-10.858,0.0395,sad
71Rybd8LotWjQTncAVKeX5,0.684,0.454,0.312,-10.066,0.0363,relaxed
0473uC27v1NcZQk5Jpm1aH,0.33,0.967,0.116,-3.929,0.112,sad
4eAwB5pnKFTmsgc3zWoYO0,0.611,0.95,0.607,-3.509,0.0518,angry
5WwKzyAOGvnNqTIs0Tk8ei,0.62,0.978,0.486,-3.602,0.132,happy
55HeOFek7Rylb7FtNy5hli,0.699,0.678,0.362,-9.211,0.0413,relaxed
3kadyssBaj5KzZiVxPjvRI,0.417,0.939,0.64,-4.168,0.0683,happy
5WVuhq5MNxSaKZ2JXjEfUd,0.443,0.976,0.227,-10.368,0.0645,angry
7JGAMm6alQT6AAN8OTsy99,0.48,0.835,0.0649,-4.94,0.033,relaxed
4uFQwzVrHnkoeE7cICA6bT,0.422,0.259,0.0916,-15.81,0.0382,sad
2KH16WveTQWT6KOG9Rg6e2,0.817,0.599,0.548,-9.249,0.0328,angry
1HfMeYbip8KTFUHKjC3a6A,0.792,0.268,0.32,-10.408,0.0446,relaxed
5dci9BCmhYQdh61LAtemUi,0.393,0.298,0.257,-10.416,0.036,sad
3BxWKCI06eQ5Od8TY2JBeA,0.57,0.821,0.408,-4.38,0.267,happy
3IRuLLHQSIvGAlnyLST7Ut,0.6,0.285,0.383,-8.553,0.044,sad
7jMl0r6ROhuUSaTj40INId,0.196,0.975,0.0917,-4.498,0.19,angry
4jWK598wEA0X0tQm6xIcPn,0.262,0.991,0.0382,-5.965,0.207,angry
2LScqpywMqGcnum6nNaxXX,0.454,0.769,0.491,-7.653,0.0814,happy
2RaA6kIcvomt77qlIgGhCT,0.362,0.961,0.491,-5.664,0.0857,angry
0bKZa2zldftYPRrSRscmG2,0.245,0.96,0.372,-4.719,0.175,angry
49jWPMEvoGPNRYSd4vEXSo,0.682,0.518,0.763,-11.317,0.038,relaxed
5hdOAZuYJWsAGOxBKUHpvu,0.359,0.994,0.16,-4.232,0.084,angry
2OnJ5RZuyi4dubXKY0gEWM,0.493,0.473,0.0889,-8.468,0.0282,sad
18YRUsBTJGmRGW2rhmA1SS,0.64,0.153,0.34,-22.873,0.0418,relaxed
6KIS5YIZAyeiFNx1aE1OhY,0.846,0.703,0.964,-5.76,0.0301,relaxed
39lSeqnyjZJejRuaREfyLL,0.691,0.812,0.685,-7.772,0.0558,happy
3ocXcXmfkc7yZqAJO9V8iI,0.475,0.845,0.754,-6.198,0.0319,sad
3bhTDrOYAQtZsg1fHfbWQ2,0.575,0.716,0.729,-12.61,0.102,happy
22kv2NoeaD7qhTgShfZjIv,0.745,0.593,0.888,-12.33,0.0439,happy
3Lk77QOBVywNAVSqOPcuw2,0.48,0.435,0.538,-8.851,0.0359,happy
6CzIvgDXnjhZTwI4V9csfg,0.592,0.864,0.723,-4.988,0.0609,happy
6HGLrT0Pk1kSTRYpEFMDdn,0.446,0.224,0.291,-15.278,0.0239,sad
1BKT2I9x4RGKaKqW4up34s,0.88,0.577,0.74,-8.093,0.302,angry
2Ck23L2znrPAFiyopqzWUj,0.302,0.961,0.659,-5.619,0.116,happy
4yoPz0pPNCXHtJUISDKMRr,0.361,0.983,0.331,-3.053,0.086,angry
6yV2W1h4PZla1PE5s1zjVM,0.67,0.801,0.859,-5.84,0.0571,happy
4MN0ZmFppiiQsPE9HQKKsH,0.431,0.835,0.303,-6.162,0.0392,angry
7GNXRQ7AL3DHAfjgh7BkL8,0.506,0.212,0.229,-16.281,0.0366,relaxed
4k3K6Ke6KfAWb7zyQWrTEA,0.694,0.531,0.949,-8.43,0.0327,relaxed
3GcvxghJMdrNH92Rp2oMtV,0.464,0.459,0.144,-8.218,0.029,relaxed
3QV7NYkrmV0Q0IHdFJw9hO,0.689,0.886,0.906,-7.066,0.0382,happy
5nbbIfsVTu54XadrMNltni,0.318,0.859,0.234,-6.597,0.0611,angry
3erQAddOalef7tmVpAZ3BV,0.445,0.917,0.439,-6.776,0.0693,angry
7GVvj4zJNVuBJSl6StEfn5,0.759,0.367,0.96,-19.024,0.0367,relaxed
18Mh3v6rBCCpcNYzyaA2RN,0.797,0.563,0.687,-14.138,0.123,relaxed
2vy6F2C23RxlGJvbdA7NTq,0.3,0.364,0.391,-7.385,0.032,relaxed
73lYI49LhfsscO33ohrGN0,0.71,0.589,0.65,-11.933,0.167,relaxed
4xP5cjA72WSiXNXql3glWS,0.794,0.554,0.682,-11.462,0.289,happy
4a9i7rCLfPjbS1sNamZeQN,0.543,0.808,0.472,-5.484,0.0407,angry
4amcY5vhp2Z40EhNVa2xHl,0.312,0.943,0.504,-3.368,0.0554,angry
1uPrIHgYztXSkkcts9jet8,0.63,0.95,0.858,-4.012,0.0806,happy
6cIeXq9VgP8y0638xOiQpw,0.308,0.879,0.0507,-12.528,0.107,angry
6qb76Rj7bFYI4ZafAYlH96,0.876,0.482,0.674,-9.007,0.0609,relaxed
0aULRU35N9kTj6O1xMULRR,0.849,0.499,0.504,-7.872,0.271,happy
3SbYzzYOeuAadi1ShTXFXU,0.221,0.272,0.104,-12.492,0.0374,relaxed
1ffbbYhbGlXBZ7l2Iyzvcg,0.458,0.606,0.661,-8.961,0.127,happy
7lMGc58V3S7lD2SLNRdOKx,0.178,0.967,0.47,-6.9,0.077,angry
660u9agQuREtEDmETVWSts,0.601,0.631,0.477,-8.472,0.0557,sad
0aZQyZyQ41fb12tJdYVa5H,0.468,0.86,0.385,-5.513,0.0463,angry
3iyyixYZj3LNyeMyBDGCnQ,0.241,0.613,0.357,-6.956,0.0432,sad
0HVQuuXGAcQ2P5mBN521ae,0.464,0.612,0.496,-12.019,0.0591,angry
4I6Ft3QBYfha5GrteCWW9x,0.578,0.624,0.533,-13.179,0.0465,relaxed
6YnnBx8Iq1XvlBrgonGLfP,0.702,0.714,0.856,-9.077,0.0386,happy
3nqm3DdVskqbHhmb8S8hMd,0.47,0.915,0.69,-6.787,0.1,happy
7LqjznQwfrax7MjQXmxqdQ,0.845,0.768,0.96,-5.448,0.188,happy
13J9Rdr35e9ktyaRm6VtLj,0.348,0.933,0.607,-2.591,0.0591,happy
7j0nWiNXw3Ncq69NxT4k6s,0.321,0.855,0.528,-11.502,0.0637,angry
0NwncLo335WFqNKl9xhXrB,0.355,0.907,0.219,-5.724,0.0562,sad
7AgYppy3FMGbn2TkVCVrv2,0.568,0.906,0.368,-3.773,0.0346,sad
4ghtc1qkwPW5CIjYrac1MJ,0.113,0.857,0.137,-6.714,0.0779,sad
6gQUbFwwdYXlKdmqRoWKJe,0.54,0.982,0.91,-2.962,0.0458,happy
7kYsV81UkV4z7UuF94u8T6,0.414,0.00402,0.115,-21.694,0.132,sad
0dt3XQL7LjTNyizTXY00yD,0.296,0.918,0.137,-8.36,0.0693,angry
0rhUvAqeXfG4gl4IZhglgX,0.739,0.418,0.278,-13.345,0.031,relaxed
5IVuqXILoxVWvWEPm82Jxr,0.646,0.77,0.681,-6.596,0.226,happy
7kFMBTOVe1fBGI5PefWyY5,0.553,0.941,0.634,-6.786,0.0517,angry
6P4sJv6CtaIuQ7mpzDKlCH,0.501,0.716,0.52,-7.451,0.026,relaxed
0ge1WFjPBWnfPz0JnlC212,0.292,0.881,0.427,-5.754,0.0475,angry
0azh8Cxn6sUDdyXDBE9qUk,0.155,0.161,0.118,-19.95,0.0342,relaxed
4XbxeoBeQnwpsyJyZEMoWc,0.764,0.455,0.707,-10.336,0.0508,happy
4BgOZRhJ47uUj9M6Wn9ZhX,0.556,0.654,0.625,-11.033,0.0332,sad
4TsWd7wuvaKW9E2DSoXGnq,0.684,0.677,0.774,-9.201,0.0628,happy
1Mtwi6CmEHxkZvsNWR9qVE,0.608,0.514,0.313,-4.782,0.0451,relaxed
4zUL8OlucDHVUEldsw9AtJ,0.505,0.478,0.867,-4.06,0.0383,angry
2dId9x9fxcaeAOswSIBC39,0.326,0.668,0.419,-13.801,0.0449,sad
48NXpYRuvv9izul4oXhqS9,0.887,0.701,0.965,-5.892,0.0873,happy
5JLy9IPZhFwmPBlPjcqDL0,0.455,0.274,0.613,-13.015,0.03,relaxed
1OhqL9yY8DfQxx5mTpa2LK,0.221,0.984,0.167,-4.901,0.182,angry
2WaPENhrq1MEy1qk6iKnCh,0.318,0.728,0.306,-6.423,0.0557,angry
27CwCwu3EocFMESQRc78iC,0.367,0.741,0.689,-6.703,0.0376,relaxed
1ElBmlZ8tSXaNUl989h8x5,0.5,0.333,0.163,-12.988,0.0399,relaxed
02E4skBHp6ZyoEDgXHcQgu,0.611,0.0975,0.399,-11.57,0.0289,relaxed
2yPi8Ayxxe8K3UpnQWk3ZX,0.189,0.972,0.138,-5.718,0.243,angry
26uVP8g7Uijo0zuN22De3x,0.387,0.572,0.399,-12.565,0.0483,angry
1T24OCmbICPdS5iEqzxKdw,0.539,0.416,0.252,-11.161,0.0419,relaxed
2oZhl1u0zEk4yoAY9zpT9r,0.321,0.287,0.0712,-10.884,0.0302,relaxed
2uMqG8w8oi09fB2YA2QLOm,0.298,0.327,0.454,-16.515,0.031,relaxed
0RcJoi4OLdWWvhwQAZ25Oa,0.459,0.85,0.52,-8.132,0.0822,happy
7KWoeBqSdZHEloYKVxssfG,0.404,0.266,0.491,-16.688,0.0334,sad
1Hd9I5eGPhOzc4M6C0pgME,0.452,0.201,0.402,-14.264,0.0698,sad
5ASM6Qjiav2xPe7gRkQMsQ,0.529,0.772,0.853,-7.013,0.0287,happy
2dCmGcEOQrMQhMMS8Vj7Ca,0.838,0.794,0.962,-8.245,0.0531,happy
66M3khO7OfTOrRUSIOh5Tx,0.426,0.284,0.155,-21.815,0.0414,sad
1gFMesXcHHtIUhwzxYFOtz,0.735,0.86,0.835,-3.878,0.0339,happy
0Diywwc3q1HlBiVxCC61jK,0.755,0.613,0.398,-6.168,0.0348,relaxed
2gnYFQWMzj8bNX4dDJyWzW,0.428,0.76,0.427,-5.106,0.27,angry
5k0RmmWmBJ0NS1RiYViRhL,0.616,0.464,0.645,-13.795,0.034,sad
4mmkhcEm1Ljy1U9nwtsxUo,0.571,0.739,0.66,-6.11,0.247,happy
5h1AqDaWS6bOeEAHig9RQr,0.362,0.57,0.571,-16.262,0.0369,relaxed
5ZwXpxkFA2qW0nGCXwpIx4,0.173,0.953,0.245,-7.28,0.0841,angry
5FnFUhTm3M5M8exXQxztoR,0.587,0.586,0.756,-13.113,0.0422,relaxed
1606YioG1iVJRgY5zBiO76,0.403,0.932,0.392,-8.264,0.0544,angry
4b8Of9pmPK53OVWzvJZhbB,0.711,0.482,0.21,-11.591,0.608,sad
5qyJ5rKvb8TbNDNbuctVSg,0.416,0.633,0.735,-7.479,0.11,happy
0ld7shxVOeRIVcQPlYfAKL,0.46,0.975,0.497,-2.456,0.088,angry
5ictZMfQTA9DoYeOdfSYVL,0.58,0.847,0.916,-8.094,0.0389,sad
2vhLg9UmWgq6nOTEWcxFdF,0.504,0.921,0.684,-5.698,0.105,happy
6vjvewW34Y3UiGQtJokGlY,0.286,0.982,0.118,-3.828,0.131,angry
0Ej6qIhc3k3Kky7UknNbav,0.591,0.208,0.064,-12.837,0.0317,relaxed
0BRBDRdjgP4Iw8coBDAeeT,0.637,0.769,0.77,-4.936,0.296,angry
6oqmd7agyZJHQIAvWBQWFb,0.186,0.805,0.207,-6.793,0.052,sad
3D6t68V5WfxEIMbwcARLia,0.592,0.792,0.546,-6.105,0.0554,sad
7dIkQYmRsKXAbzshwF7pjI,0.731,0.811,0.859,-5.719,0.308,angry
2bjUNIplLuWJ7I9hBybzZX,0.248,0.153,0.0992,-17.781,0.0358,sad
351FWG8tFK5ftLTjWHBzZ3,0.638,0.392,0.259,-11.749,0.0315,sad
1hvHlIEQEocekVFSskMWR2,0.337,0.169,0.303,-12.592,0.0356,relaxed
7IwFA0HPOBCoQT5qzP0jDN,0.595,0.34,0.79,-15.214,0.0332,relaxed
1E07QPcmjdGIe8F0Q4ZXtT,0.55,0.796,0.841,-3.259,0.0335,happy
107f64CEU5dSzAQiFRQ3yr,0.599,0.848,0.954,-2.909,0.0357,happy
3RcrFgETR1QGjzV6ZzIRBy,0.629,0.949,0.719,-4.664,0.048,happy
17CEV2efL5t6TWx7pis3iL,0.443,0.387,0.182,-12.831,0.0468,angry
0HtTmvEzJVpEDkg7mARpxD,0.338,0.399,0.227,-15.894,0.0299,sad
0WDjf1JHa22EYZFtI5SQDv,0.489,0.843,0.42,-5.683,0.0699,happy
3MrWxJaD2AT0W9DjWF64Vm,0.45,0.656,0.782,-7.049,0.0472,happy
4n7a8D6wi682ML5Mx4txOW,0.381,0.913,0.66,-2.588,0.0466,happy
1skZbRX6ZDmXwkKAPpb9UU,0.356,0.774,0.0608,-13.72,0.0806,sad
4AeTqU130SqQqWKuiLMcOJ,0.632,0.904,0.803,-5.709,0.0907,angry
1Lj9AXVnxwolO2QZuqBoAx,0.383,0.166,0.309,-12.733,0.0334,relaxed
2YgW2VVOwQItMkKW07fMt8,0.319,0.506,0.121,-10.188,0.0466,relaxed
2EM9zpAc7PVeoAydmbfVIL,0.751,0.731,0.973,-4.419,0.0308,happy
3bhZuw0gZRLEOGeggjWzpP,0.492,0.438,0.204,-6.984,0.0273,relaxed
1GJgoTGiGtQ06yYFHskUh6,0.391,0.405,0.333,-13.261,0.0348,relaxed
5qR5b6Coq6srVHsa7vi7a0,0.313,0.733,0.49,-4.849,0.0433,sad
3olub0N0g8YIBH3i323cdU,0.41,0.308,0.492,-9.405,0.036,sad
3mFg1Hn5faLMFK4HNDjhnc,0.695,0.736,0.147,-4.696,0.255,angry
0fhbROIcpVRWSBjuIKTKm6,0.588,0.862,0.895,-5.007,0.0415,happy
1ZwLNcKUCHaN6ZUKXex7yY,0.464,0.726,0.326,-7.384,0.0548,angry
0VbN8JIzRspzwOCp6c5d3L,0.685,0.347,0.45,-10.334,0.0278,relaxed
42iLNNwGl2aikdRxEmD09n,0.447,0.41,0.475,-9.909,0.0277,sad
0at89DgpVeImkVrQ0htbVm,0.218,0.994,0.112,-2.222,0.291,angry
4fwVyP1i3qxA4U2ADP6lHK,0.491,0.99,0.112,-2.761,0.149,angry
5j89K1LPP8YTuhZWKUgr9I,0.44,0.902,0.734,-4.871,0.0504,happy
01drW5lmrI1SWrSkDzivsj,0.708,0.635,0.387,-5.304,0.0389,happy
63oVkEVfk5KcFGdXVoA9NA,0.378,0.271,0.197,-8.691,0.0311,sad
6O2mR6QeF3F8BZDsXEqc4G,0.565,0.709,0.203,-9.116,0.0377,relaxed
1BxkyysLoXoDTrvtD7WDRA,0.505,0.888,0.78,-7.994,0.0662,angry
1360oA6YJXktFWEmVVsU99,0.372,0.634,0.509,-8.712,0.0652,angry
19Wj19suQmzZAhMNQz8JrO,0.595,0.9,0.892,-7.3,0.0537,angry
1okTOYnkaFdBecy40SZTjc,0.25,0.309,0.0778,-9.661,0.0328,sad
3LwfE3USKwANPjPz34iGDZ,0.27,0.91,0.397,-4.544,0.0851,angry
656TZu3G6rnfK9m2Y0zR6g,0.391,0.797,0.369,-7.991,0.061,sad
0HSO9R3uK9nXAjESTksaLV,0.317,0.657,0.0355,-4.593,0.166,angry
50q7iwprDl2WBAhHdCU1pg,0.249,0.491,0.048,-10.968,0.0511,angry
6qxJcZgS7z2aBSwC4PNxVA,0.55,0.428,0.676,-14.26,0.0595,sad
1zW2csx1vVJrKfvDrFQNVt,0.594,0.889,0.8,-7.775,0.246,happy
5Qhy5MYSkAMRVgTrABOlp7,0.515,0.641,0.315,-9.799,0.0425,angry
5Md11uzTcHNXMWOJAz60Zd,0.302,0.957,0.159,-11.684,0.129,angry
2IO7KV7GVaTkhD7xyodSZP,0.533,0.968,0.42,-4.842,0.156,angry
1fP1WSFBzETeHyQux5ZrQ8,0.51,0.976,0.928,-2.756,0.0404,angry
4AuklilJZW4D3IrWpirfeY,0.383,0.246,0.113,-12.226,0.0334,relaxed
0TvWULuyrFnu5PmBfDaesd,0.627,0.504,0.135,-9.751,0.0304,sad
1CmOgWohDQJyLjzdSZ27mp,0.367,0.143,0.124,-16.265,0.0418,sad
0bGUHUjU8IZxH2NugIjTX9,0.843,0.492,0.943,-16.364,0.0899,relaxed
3TmnUIbelFiDzrhZqavHU0,0.589,0.447,0.789,-12.912,0.0748,happy
5at039gZfHTvOK3gSLni5m,0.848,0.692,0.584,-6.734,0.0793,happy
0cSlKH8BR5r8Q9k8NoKkdD,0.584,0.83,0.646,-4.061,0.0438,sad
3ygA3p2qb96FuzDLRXFwIN,0.82,0.86,0.862,-4.749,0.124,happy
4JIfgJkxaWu9I2gdNR3wi5,0.283,0.868,0.077,-6.864,0.0653,sad
65bUiirDJGSCCcMIJ3YyKg,0.139,0.627,0.133,-10.063,0.0421,sad
5cQIiCPBoZy7tH3PQC3eIQ,0.611,0.816,0.702,-7.026,0.0951,happy
6bg2E3iGJlZrGE0gJlSddf,0.466,0.992,0.067,-3.693,0.261,angry
1uL1tl86E3YVxidIA5bpnA,0.661,0.925,0.929,-6.898,0.0453,happy
7m5Kf3oIucLx7VqvKNijMP,0.46,0.396,0.0599,-11.02,0.0317,sad
2yL4HyjxwC8RrVeH4Xzq7Y,0.268,0.408,0.323,-8.446,0.0288,sad
0goEaYw1cI7ubi2YO2WMFJ,0.803,0.927,0.385,-5.408,0.185,relaxed
69Kzq3FMkDwiSFBQzRckFD,0.696,0.628,0.701,-8.407,0.0274,sad
4SoRvuR09go03chQROV80q,0.18,0.789,0.635,-4.904,0.0429,sad
5CgCxjb2BEO8HfBDsBSr9l,0.698,0.931,0.882,-2.6,0.0435,happy
2huEOPsK2M0GbgfoiTqEdy,0.339,0.998,0.273,-4.532,0.0568,angry
5SZcMOL2Uy4r9x3s7iBAbr,0.301,0.664,0.534,-9.035,0.0326,sad
2Wf4IsWzhBgVR9uUDuktFB,0.785,0.479,0.784,-11.321,0.1,happy
4RY96Asd9IefaL3X4LOLZ8,0.902,0.72,0.805,-2.776,0.347,happy
6TPuL0IRzvOypCzd3cPuUc,0.571,0.856,0.658,-5.206,0.0422,relaxed
2gscB6kDOmrv1P6qs2KXE3,0.382,0.996,0.327,-4.119,0.104,angry
2wiRaJG78MwRqBWnDSoO4H,0.318,0.919,0.186,-5.928,0.0879,angry
7erbg7YtuQiA7O13Q12ttu,0.477,0.971,0.255,-7.409,0.0638,angry
3aCRrvADMjFjZq1x8dWD0t,0.582,0.88,0.521,-3.219,0.0601,happy
69jH4fdxtyYaUflBKerbmu,0.421,0.908,0.273,-7.721,0.0783,angry
7G4mN7ip5jrglGGUOTmC9Z,0.472,0.483,0.372,-9.297,0.0434,sad
5clUjbxHSe1IEJX7LEH3rv,0.42,0.885,0.68,-6.611,0.0466,happy
32le5VSoeqPmuVYZGE6b6a,0.437,0.704,0.522,-6.763,0.0261,relaxed
0PhxP19seKYf1fAUC1H3bS,0.73,0.427,0.724,-8.88,0.0392,happy
25suYHVUwWFTG6G31kuhZH,0.475,0.576,0.524,-13.059,0.0312,angry
0wdZXaPbZtvGQ9NyQkY7Nc,0.675,0.399,0.227,-7.759,0.0251,relaxed
0hJPZ0v8QxRwGIKiMGKE1G,0.655,0.611,0.555,-6.54,0.0402,relaxed
39SyB2NWiRlMtcKrI2rr4k,0.76,0.745,0.921,-8.509,0.0434,happy
1LMxJZqqlUWjsKFw9dtv5d,0.393,0.688,0.0758,-8.616,0.0286,sad
3EQmU7JX0BhDX0DtL3r6rF,0.302,0.419,0.0993,-8.15,0.0306,sad
74NBrEJMp3gVFfeWiOIzJi,0.52,0.461,0.139,-10.216,0.0266,sad
2UKkLqST2xWpK8n1b0Xr5Z,0.476,0.584,0.417,-12.357,0.038,relaxed
4hLk7Bjz1XJWNDiqovvgBW,0.303,0.47,0.563,-12.715,0.0512,sad
1gKmnrz6SzJlGMNRKBLx1V,0.47,0.796,0.909,-12.055,0.0517,happy
4gT8lyyMbQGPl7DXZCq5Pn,0.733,0.498,0.645,-6.972,0.0319,relaxed
4M4Vw1dEDTnWUcC5DJxV38,0.63,0.331,0.612,-10.188,0.111,happy
0TIfMyq3MtmQhNJVXJKcJP,0.482,0.999,0.0615,-1.693,0.175,angry
4LTtLIIrq1krMtYsb4x1dz,0.469,0.797,0.376,-5.513,0.0316,relaxed
1OSgxqD00RizIDSXTsUHpM,0.736,0.535,0.396,-10.072,0.0404,relaxed
764gKnydqTR6pQCkGLl1o2,0.714,0.481,0.523,-9.442,0.0337,sad
7b2cBdbLTa2YSmfe3NEivL,0.237,0.163,0.0379,-20.198,0.0443,relaxed
2vG1yrWSMiL6egg6w4e9ma,0.765,0.831,0.809,-6.522,0.0565,happy
7E2NpVcD3i6AIm3uyd343i,0.468,0.332,0.139,-13.193,0.0268,relaxed
2xnSLJOZAh1eTEkBJHcuYP,0.501,0.965,0.72,-3.618,0.0626,angry
1VS6BYKweyrXaouFwSdgco,0.555,0.259,0.0666,-12.723,0.0373,relaxed
18pNWsGGX0wUmvYtc8Qo0p,0.487,0.931,0.754,-5.074,0.0366,happy
34rOW0yx7mEBKfvI8b2wSK,0.773,0.673,0.925,-12.132,0.0474,happy
0vwCaq6juiCDaXmG1DaWoI,0.297,0.461,0.181,-10.225,0.0439,relaxed
5GHwCpwEos0FzYe55slXEp,0.748,0.569,0.967,-12.975,0.0752,happy
6tghU970AKZkWdKICobMtg,0.434,0.441,0.355,-11.674,0.025,sad
21aDHnHXtZqnxqLaD0chkG,0.104,0.133,0.0298,-20.224,0.0404,relaxed
5bcjREGkqwlYD272fyhwc6,0.54,0.53,0.497,-8.247,0.0343,relaxed
3I1DVI1Bllke45hTQke9ux,0.656,0.309,0.245,-9.725,0.0371,relaxed
29OmmU1vDlQkrh7oy9Le1J,0.692,0.384,0.5,-6.359,0.0279,sad
13ejm17Ff455pQezjsGn0Q,0.75,0.69,0.465,-7.62,0.0807,sad
7LnDfoRFeMhrPc795W07jk,0.618,0.669,0.761,-8.662,0.453,angry
2Ca3f6KZiBrlLD86qpLltG,0.45,0.403,0.0871,-8.302,0.0262,sad
714hERk9U1W8FMYkoC83CO,0.791,0.733,0.962,-5.465,0.0633,happy
28XN8ncs0OBodA23W4ysZg,0.192,0.912,0.192,-4.031,0.12,angry
5txrJzhPIrRqfvtnvZGcbX,0.804,0.57,0.899,-7.859,0.0614,happy
5Rv5TrAICmaHYKwANplEQH,0.611,0.577,0.343,-10.018,0.0287,relaxed
4RNEfrpALlfQ46hWAamoH7,0.773,0.869,0.877,-7.117,0.327,angry
0MNCcfN8KzX0Wyp3wSiwo5,0.657,0.19,0.303,-17.744,0.0321,sad
3roVlQAELe3DGGTfCwcdvL,0.538,0.758,0.586,-5.3,0.114,happy
0IaFIfEvXWNZaJvunmOK2z,0.654,0.272,0.377,-11.987,0.0381,relaxed
0Vo9dhpXkws81rxZUIItVk,0.347,0.174,0.247,-14.521,0.0349,relaxed
3vEmpJQC2p8h0U3OiBufQm,0.462,0.677,0.468,-9.262,0.0327,angry
5Genp2tGRn0vwM9F5pHMKu,0.375,0.957,0.242,-3.728,0.166,angry
38E7U60ipLSTVDcPIuVzZw,0.573,0.545,0.95,-12.636,0.0436,relaxed
32Uk6r7BFqNfpUVOFuQZFk,0.2,0.923,0.24,-5.075,0.267,angry
2He3NOyqtLNE3RQPpeDdSb,0.694,0.881,0.924,-4.053,0.0701,happy
71SgQqWW7LAxb8rS7fm1Db,0.718,0.606,0.257,-6.762,0.0375,relaxed
005lwxGU1tms6HGELIcUv9,0.699,0.76,0.696,-3.173,0.0677,happy
4PPOSdRKZpYE5Wncds5HDf,0.427,0.225,0.376,-18.332,0.0388,sad
5jv3QxL0MFswzM1UJ2qQJM,0.777,0.846,0.646,-3.11,0.194,happy
0xd0fSicoF2FkERilhKFMh,0.207,0.996,0.139,-1.53,0.209,angry
54hjFPLAWMurvAqlh0fifV,0.359,0.996,0.276,-2.936,0.0933,angry
59EupkPF0AA5nu0qDo5FlK,0.538,0.346,0.459,-14.403,0.0252,relaxed
5zjQ3gF7xeNhMh0Is6wX0b,0.614,0.656,0.697,-7.559,0.0245,relaxed
5xTqhUcwPm8BSS8h7m3fYr,0.324,0.168,0.476,-16.57,0.042,sad
1DTvpxiXXltH3xZE4yXANv,0.551,0.618,0.406,-9.596,0.0294,sad
75DBIP9rTkRd1PRntsZM3q,0.597,0.654,0.714,-5.406,0.0321,happy
1ynmMEK1fkyiZ6Z6F3ThEt,0.653,0.677,0.888,-12.244,0.0396,happy
4MXHBiKcdqHBJ4PeHQJBHO,0.71,0.646,0.735,-5.674,0.056,happy
0wCZgB5E9nw9dk7RRZyb7a,0.706,0.25,0.145,-13.453,0.03,sad
5r5sZ86FGRzcu4DvgANioJ,0.408,0.71,0.0916,-10.707,0.0715,angry
7vlEsbJ73GcQtz6sMzZmEP,0.285,0.978,0.382,-3.381,0.155,angry
1Zd5KxenhiRD0OpIf9Dfmh,0.342,0.638,0.371,-8.019,0.0275,sad
6meTlodlx0whBYj9Gux4LQ,0.324,0.787,0.832,-4.681,0.0559,happy
0lCgAEyTIzwbJHHPmeE7PF,0.333,0.449,0.519,-7.231,0.028,sad
2g0wYd9F6yLQ3oQ09NRgUg,0.389,0.987,0.293,-2.778,0.166,angry
0dOg1ySSI7NkpAe89Zo0b9,0.398,0.952,0.584,-6.042,0.061,angry
206dccqnCtUSlHpDE2t216,0.328,0.933,0.213,-4.463,0.175,angry
3Yj9lNYD0su1mbTtA1ktat,0.491,0.616,0.0824,-6.53,0.0349,sad
37n9zBD7h4IKimhkOfoFwf,0.375,0.997,0.294,-2.09,0.0803,angry
4goJhfQRbNfYybpYf9xmbL,0.396,0.903,0.294,-4.796,0.0389,angry
6TBhIzjK8HiSct7nDBvS1q,0.671,0.299,0.511,-15.59,0.0228,relaxed
5UjqXQ77VtXZtvC9M0B0Wy,0.653,0.285,0.0784,-14.688,0.0464,relaxed
2wdjY5H8f2LZK8MzV4VC5O,0.532,0.463,0.358,-7.453,0.0592,happy
69BSguYY4m6b1yibQdUBst,0.427,0.233,0.258,-12.333,0.0287,relaxed
1i9ZoEtx5V2dQTXtvtzTkj,0.397,0.722,0.394,-7.864,0.0344,relaxed
1fYlwOcveGY10W1bNNfpGk,0.688,0.401,0.638,-14.985,0.029,relaxed
371JtbumkPGkJEuCOMLf9E,0.364,0.765,0.198,-6.889,0.0405,sad
24YUfO7tZp7k4VAVdkFuEp,0.41,0.978,0.0392,-4.192,0.0843,sad
2kijrPqAeHdmLoaSAW2pJY,0.2,0.856,0.0622,-4.657,0.074,sad
0obzF8a4DaF3XrlOB16xlx,0.362,0.931,0.339,-2.945,0.0753,angry
4R7NLVLt1qyYsqqieGkf7B,0.266,0.759,0.528,-5.311,0.062,happy
5CLdWJUhwEmmelXb0yflD2,0.648,0.561,0.442,-8.645,0.0332,relaxed
4jfWUWOkvZ3rcjtCOV0ER9,0.429,0.993,0.0387,-5.433,0.32,angry
4bW6gwOOTkhBUyWTXSMvgh,0.457,0.909,0.437,-6.141,0.0642,sad
3VYbLgJNS7Jr7YlatA0lNe,0.385,0.442,0.385,-11.92,0.0337,sad
2Ei5auE9kCmwKB2JZtKPKO,0.643,0.363,0.258,-13.126,0.0274,relaxed
5WVAFoNUyf17yEYVe0SPJP,0.255,0.523,0.211,-4.928,0.0292,sad
0fsckVllnHXQsEZY0TMkp4,0.356,0.385,0.0689,-11.326,0.0383,relaxed
2yT7HjDXV9ni3MN5s1Z3G2,0.442,0.0874,0.156,-19.947,0.0319,sad
0qQLbYR9WBEuKARbN0Lttw,0.455,0.343,0.0893,-13.24,0.028,sad
4IHbylDFU8KEPlIJms5TlD,0.403,0.461,0.0798,-11.859,0.0301,sad
07CUEJZd1N8NFKcIeHiFbR,0.816,0.968,0.831,-5.567,0.0542,angry
4KXYCQVoIFm4fI4RmNA6aN,0.866,0.457,0.637,-7.971,0.0505,relaxed
0KPDxUvVt6TjBsq5ccU7yn,0.711,0.785,0.729,-10.013,0.0569,happy
3YNKbymzBpPlqGTQnwtYWn,0.411,0.106,0.169,-19.64,0.04,sad
0LQtEJt7x0s6knb6RKdRYc,0.566,0.713,0.805,-4.25,0.0418,happy
3Q4apI1afNqKP5Ibw6VyKo,0.714,0.616,0.922,-11.081,0.0403,happy
4Hruh5C0Ef3y8mIcns5Y1O,0.424,0.59,0.204,-5.531,0.0294,sad
4mtRuEDlwvtnsge8Owi22c,0.44,0.488,0.384,-10.136,0.0318,relaxed
65xpIwIluxmO6PBW7c7aqw,0.272,0.993,0.206,-3.345,0.105,angry
4v0AFz0KGhnH6Ppmz3QjmB,0.424,0.91,0.311,-3.615,0.327,sad
2O5UcpKolgLT8l8yAvEmID,0.471,0.877,0.419,-5.576,0.0378,sad
1w5iUg5lhu6pHS1IMeD6XE,0.212,0.442,0.0394,-7.226,0.0303,relaxed
0ce0IMri055V8kqyS5FD0U,0.822,0.635,0.63,-13.571,0.304,angry
0gr97EET1vP85jcFESMYRK,0.214,0.973,0.34,-6.04,0.107,angry
0CMVsbg78bj3L93fNgu2pA,0.558,0.616,0.308,-5.548,0.366,happy
3rzYUfyzdZW96cHXnGn1xI,0.383,0.888,0.393,-6.503,0.037,sad
1IehEIgrU7Xw0rZxNzKGD2,0.452,0.362,0.165,-7.542,0.028,relaxed
7JGmpugbdiVWskY1S3EmTY,0.914,0.78,0.968,-5.459,0.0368,happy
7mfvOqsvzZaUl7sfbcNk4E,0.605,0.532,0.139,-10.872,0.0337,relaxed
1aPIOiggxmM2pjDBky1HIo,0.64,0.619,0.563,-8.894,0.0297,relaxed
2S0DqrpQYrGF873Pi5hn1k,0.501,0.874,0.582,-4.17,0.216,happy
38mDxPFyFRiWQ7j2fWVHpE,0.736,0.991,0.963,-6.631,0.0506,happy
16Elz7HJPLZPMylp13ewxv,0.22,0.83,0.457,-3.584,0.0801,angry
2nn7J7tZpxZg1fN0NPt5Ux,0.639,0.784,0.934,-10.444,0.0593,happy
4nV4DeULLAGkd8uIo2z0FR,0.548,0.148,0.18,-15.413,0.0346,sad
7uvvBcIxL06JZF8v1o1zzj,0.448,0.989,0.587,-4.7,0.162,angry
38orAaD0ZcoVXKYokVeLND,0.961,0.635,0.97,-5.067,0.0441,happy
7eDz4e7BnffOzpMbpqH8tW,0.638,0.555,0.719,-11.491,0.354,angry
51hyMBGyW5xQpwy1WQ24Db,0.191,0.998,0.0562,-1.126,0.16,angry
1H63Xi6LM7rvQC8M8W5qhy,0.63,0.671,0.947,-7.407,0.031,happy
6QyQRQ39cdIvMMXa7bKo5X,0.651,0.0882,0.215,-16.356,0.0377,sad
2xtunlrmS84VlrqtuvKOLL,0.58,0.942,0.798,-5.466,0.093,happy
0XATQ6wedL4bMP2emZNE9F,0.446,0.97,0.678,-6.209,0.0583,angry
3MkSagM89RiuucSFRgUmWj,0.195,0.975,0.137,-8.204,0.182,angry
487uZHjPqwQWAMKdabHJnZ,0.753,0.745,0.728,-6.313,0.0371,happy
6azwgyc7oNJvcsYyzqkiA5,0.501,0.131,0.0394,-16.792,0.03,sad
6Vt7NKuMmZhy1WpVwcyNMl,0.442,0.378,0.202,-10.938,0.0292,relaxed
75l90Py7SZymvoQINih5ag,0.575,0.92,0.872,-4.215,0.316,angry
6ZDQSjfR7gk326zR1B8JSg,0.535,0.711,0.514,-9.034,0.0641,happy
2SknHmwY6GiOv6aK7YRahd,0.254,0.853,0.711,-10.218,0.0517,happy
634ihmh4jod5eFB949lH9K,0.431,0.586,0.874,-11.386,0.0378,relaxed
3XcT4NCMoPXyY5U2GCq7Ph,0.36,0.346,0.193,-12.892,0.0389,sad
0r8iDf65NHgFgZOGLwj5r8,0.551,0.825,0.933,-6.24,0.044,happy
7mvN904TRvKl9CPQXFJ16t,0.406,0.95,0.364,-14.048,0.0388,angry
5eyTC5GZzpzlN7YRO9AoPf,0.387,0.922,0.417,-5.192,0.0674,happy
19wEvsrtK0USRbfXcG7ToK,0.448,0.954,0.397,-4.286,0.0545,happy
6sNT5PF1SjTYgMiAIQGYMd,0.594,0.512,0.52,-8.872,0.0236,sad
0RnCUYXa7jhgTXtiMXF2PQ,0.629,0.851,0.961,-11.182,0.0294,happy
7pRDFBYPmUWBFnpwDhzqGm,0.727,0.969,0.737,-4.493,0.0419,angry
65xpIwIluxmO6PBW7c7aqw,0.272,0.993,0.206,-3.345,0.105,angry
6EmywUvSSF4PpIiF0ZZDlW,0.31,0.189,0.0353,-15.375,0.0351,sad
36N0wCA0Jn5KrlinaChvig,0.216,0.951,0.208,-6.229,0.0825,angry
4yq4vTRl6islnW1N4H952U,0.706,0.842,0.818,-4.628,0.038,happy
4tcHT4RYM3Uu0MMcVQHM2n,0.262,0.937,0.361,-2.139,0.0802,angry
3K9Jq47ASqT5ybmGeYKkkS,0.453,0.17,0.221,-12.711,0.0414,sad
3J1H7ggoHSUOEDXorAtSqg,0.688,0.465,0.534,-6.622,0.0383,happy
1mXRkKVh9dLk20dG8dj7h5,0.287,0.642,0.281,-5.159,0.0361,relaxed
14444Fd8ybDY4q0BUpmVHv,0.388,0.765,0.0766,-7.195,0.0488,sad
36BGk42n6upPWiMCWpBQKL,0.272,0.0677,0.394,-32.612,0.0766,relaxed
3mdaF0a156iyqssUkuSZuQ,0.254,0.987,0.241,-2.321,0.176,angry
72hcFp4tYkd3dbNA9dZ3Pv,0.555,0.973,0.805,-3.804,0.035,happy
0s6pGOvS0AaqNemE1foyDm,0.47,0.58,0.601,-10.822,0.025,relaxed
1GhvdAbtqwvz6h8oMjZIF9,0.236,0.151,0.162,-11.424,0.0366,sad
2vVeFbGTQmp9w25896BDAl,0.552,0.867,0.67,-5.397,0.0536,happy
5XMJBKj01EU7asjQCAlYhu,0.734,0.204,0.521,-13.658,0.0453,relaxed
38q4d6txAtTKGyCtwaMKHY,0.217,0.407,0.143,-8.581,0.0353,sad
33jXZCskHTfXtmBd2EImNy,0.415,0.188,0.172,-11.088,0.0305,sad
3Bf7Ya9VwZzAzSSPBVePVV,0.524,0.899,0.508,-5.099,0.115,happy
1jQWzZPMd9P4dbZHs9dKpp,0.518,0.93,0.426,-4.512,0.0881,happy
5Z01UMMf7V1o0MzF86s6WJ,0.692,0.744,0.0612,-4.565,0.257,angry
0BL8lMIb6TrDsfJSReVGOi,0.329,0.318,0.147,-8.682,0.0302,sad
2ItPID4dgSL1t1ZbZCrg5S,0.547,0.764,0.722,-12.552,0.0419,happy
11RJswXS6pu0fMsdnjKIA8,0.419,0.774,0.957,-9.742,0.0789,happy
5BY0p2EH4EznNZ0MFD9mjt,0.676,0.839,0.891,-3.922,0.033,happy
0lKWoCC96oxf1w8okrhKus,0.491,0.368,0.34,-11.506,0.181,happy
0U316O0uMo9EgxdZkCTdhX,0.368,0.29,0.298,-14.836,0.0321,relaxed
25ktoN54bAce9CVmZJk4Qe,0.115,0.176,0.0554,-16.851,0.0518,relaxed
0iN0npS2K9sXyUFKbEdZW7,0.717,0.801,0.961,-6.326,0.0367,happy
3X4qUkEhAvGY3qIlpNh1sl,0.685,0.307,0.832,-19.125,0.0696,angry
5J221XVh7Kxg2bC4IWQ19n,0.607,0.428,0.504,-7.827,0.189,relaxed
4WFYHBYhFA6tmCRYKng2MB,0.476,0.994,0.126,-3.19,0.175,angry
3bSnE01X7tezLVR8ppZjvB,0.191,0.958,0.277,-5.057,0.0901,angry
00AxXSPBavEKf4hwgX6ZMo,0.58,0.998,0.0968,-2.765,0.209,angry
4xNvOGQszKdnH1gGhytLzZ,0.204,0.731,0.0698,-6.837,0.0521,sad
3rEwGRmPVVudVjqdgv0tRR,0.584,0.536,0.441,-8.158,0.0279,sad
0XPuBeH9uAMmwNi0gxIe6r,0.844,0.659,0.814,-3.577,0.13,relaxed
7zrcNlGoGQeiY51cJfHR0u,0.517,0.782,0.286,-6.448,0.0353,happy
6U6xqSHPuiOJKLkVw79b7Z,0.633,0.916,0.919,-3.511,0.0546,happy